#ifndef _QR_CODE_H_
#define _QR_CODE_H_

#include <Arduino.h>

const uint16_t logo_120x120[120*120] = {
    0xFFFF, 0xFFFF, 0xFFFF, 0xFFFF, 0xFFFF, 0xFFFF, 0xFFFF, 0xFFFF, 0xFFFF, 0xFFFF,
    0xFFFF, 0xFFFF, 0xFFFF, 0xFFFF, 0xFFFF, 0xFFFF, 0xFFFF, 0xFFFF, 0xFFFF, 0xFFFF,
    0xFFFF, 0xFFFF, 0xFFFF, 0xFFFF, 0xFFFF, 0xFFFF, 0xFFFF, 0xFFFF, 0xFFFF, 0xFFFF,
    0xFFFF, 0xFFFF, 0xFFFF, 0xFFFF, 0xFFFF, 0xFFFF, 0xFFFF, 0xFFFF, 0xFFFF, 0xFFFF,
    0xFFFF, 0xFFFF, 0xFFFF, 0xFFFF, 0xFFFF, 0xFFFF, 0xFFFF, 0xFFFF, 0xFFFF, 0xFFFF,
    0xFFFF, 0xFFFF, 0xFFFF, 0xFFFF, 0xFFFF, 0xFFFF, 0xFFFF, 0xFFFF, 0xFFFF, 0xFFFF,
    0xFFFF, 0xFFFF, 0xFFFF, 0xFFFF, 0xFFFF, 0xFFFF, 0xFFFF, 0xFFFF, 0xFFFF, 0xFFFF,
    0xFFFF, 0xFFFF, 0xFFFF, 0xFFFF, 0xFFFF, 0xFFFF, 0xFFFF, 0xFFFF, 0xFFFF, 0xFFFF,
    0xFFFF, 0xFFFF, 0xFFFF, 0xFFFF, 0xFFFF, 0xFFFF, 0xFFFF, 0xFFFF, 0xFFFF, 0xFFFF,
    0xFFFF, 0xFFFF, 0xFFFF, 0xFFFF, 0xFFFF, 0xFFFF, 0xFFFF, 0xFFFF, 0xFFFF, 0xFFFF,
    0xFFFF, 0xFFFF, 0xFFFF, 0xFFFF, 0xFFFF, 0xFFFF, 0xFFFF, 0xFFFF, 0xFFFF, 0xFFFF,
    0xFFFF, 0xFFFF, 0xFFFF, 0xFFFF, 0xFFFF, 0xFFFF, 0xFFFF, 0xFFFF, 0xFFFF, 0xFFFF,
    0xFFFF, 0xFFFF, 0xFFFF, 0xFFFF, 0xFFFF, 0xFFFF, 0xFFFF, 0xFFFF, 0xFFFF, 0xFFFF,
    0xFFFF, 0xFFFF, 0xFFFF, 0xFFFF, 0xFFFF, 0xFFFF, 0xFFFF, 0xFFFF, 0xFFFF, 0xFFFF,
    0xFFFF, 0xFFFF, 0xFFFF, 0xFFFF, 0xFFFF, 0xFFFF, 0xFFFF, 0xFFFF, 0xFFFF, 0xFFFF,
    0xFFFF, 0xFFFF, 0xFFFF, 0xFFFF, 0xFFFF, 0xFFFF, 0xFFFF, 0xFFFF, 0xFFFF, 0xFFFF,
    0xFFFF, 0xFFFF, 0xFFFF, 0xFFFF, 0xFFFF, 0xFFFF, 0xFFFF, 0xFFFF, 0xFFFF, 0xFFFF,
    0xFFFF, 0xFFFF, 0xFFFF, 0xFFFF, 0xFFFF, 0xFFFF, 0xFFFF, 0xFFFF, 0xFFFF, 0xFFFF,
    0xFFFF, 0xFFFF, 0xFFFF, 0xFFFF, 0xFFFF, 0xFFFF, 0xFFFF, 0xFFFF, 0xFFFF, 0xFFFF,
    0xFFFF, 0xFFFF, 0xFFFF, 0xFFFF, 0xFFFF, 0xFFFF, 0xFFFF, 0xFFFF, 0xFFFF, 0xFFFF,
    0xFFFF, 0xFFFF, 0xFFFF, 0xFFFF, 0xFFFF, 0xFFFF, 0xFFFF, 0xFFFF, 0xFFFF, 0xFFFF,
    0xFFFF, 0xFFFF, 0xFFFF, 0xFFFF, 0xFFFF, 0xFFFF, 0xFFFF, 0xFFFF, 0xFFFF, 0xFFFF,
    0xFFFF, 0xFFFF, 0xFFFF, 0xFFFF, 0xFFFF, 0xFFFF, 0xFFFF, 0xFFFF, 0xFFFF, 0xFFFF,
    0xFFFF, 0xFFFF, 0xFFFF, 0xFFFF, 0xFFFF, 0xFFFF, 0xFFFF, 0xFFFF, 0xFFFF, 0xFFFF,
    0xFFFF, 0xFFFF, 0xFFFF, 0xFFFF, 0xFFFF, 0xFFFF, 0xFFFF, 0xFFFF, 0xFFFF, 0xFFFF,
    0xFFFF, 0xFFFF, 0xFFFF, 0xFFFF, 0xFFFF, 0xFFFF, 0xFFFF, 0xFFFF, 0xFFFF, 0xFFFF,
    0xFFFF, 0xFFFF, 0xFFFF, 0xFFFF, 0xFFFF, 0xFFFF, 0xFFFF, 0xFFFF, 0xFFFF, 0xFFFF,
    0xFFFF, 0xFFFF, 0xFFFF, 0xFFFF, 0xFFFF, 0xFFFF, 0xFFFF, 0xFFFF, 0xFFFF, 0xFFFF,
    0xFFFF, 0xFFFF, 0xFFFF, 0xFFFF, 0xFFFF, 0xFFFF, 0xFFFF, 0xFFFF, 0xFFFF, 0xFFFF,
    0xFFFF, 0xFFFF, 0xFFFF, 0xFFFF, 0xFFFF, 0xFFFF, 0xFFFF, 0xFFFF, 0xFFFF, 0xFFFF,
    0xFFFF, 0xFFFF, 0xFFFF, 0xFFFF, 0xFFFF, 0xFFFF, 0xFFFF, 0xFFFF, 0xFFFF, 0xFFFF,
    0xFFFF, 0xFFFF, 0xFFFF, 0xFFFF, 0xFFFF, 0xFFFF, 0xFFFF, 0xFFFF, 0xFFFF, 0xFFFF,
    0xFFFF, 0xFFFF, 0xFFFF, 0xFFFF, 0xFFFF, 0xFFFF, 0xFFFF, 0xFFFF, 0xFFFF, 0xFFFF,
    0xFFFF, 0xFFFF, 0xFFFF, 0xFFFF, 0xFFFF, 0xFFFF, 0xFFFF, 0xFFFF, 0xFFFF, 0xFFFF,
    0xFFFF, 0xFFFF, 0xFFFF, 0xFFFF, 0xFFFF, 0xFFFF, 0xFFFF, 0xFFFF, 0xFFFF, 0xFFFF,
    0xFFFF, 0xFFFF, 0xFFFF, 0xFFFF, 0xFFFF, 0xFFFF, 0xFFFF, 0xFFFF, 0xFFFF, 0xFFFF,
    0xFFFF, 0xFFFF, 0xFFFF, 0xEF7D, 0xBDD7, 0xBDD7, 0xBDD7, 0xBDD7, 0xBDD7, 0xBDD7,
    0xBDD7, 0xBDD7, 0xBDD7, 0xBDD7, 0xBDD7, 0xBDD7, 0xBDD7, 0xBDD7, 0xBDD7, 0xBDD7,
    0xBDD7, 0xBDD7, 0xBDD7, 0xBDD7, 0xC618, 0xFFFF, 0xFFFF, 0xFFFF, 0xC638, 0xBDD7,
    0xBDD7, 0xF7BE, 0xFFFF, 0xFFFF, 0xC618, 0xBDD7, 0xBDD7, 0xF7BE, 0xFFFF, 0xFFFF,
    0xD69A, 0xBDD7, 0xBDD7, 0xBDD7, 0xBDD7, 0xBDD7, 0xEF5D, 0xFFFF, 0xFFFF, 0xFFFF,
    0xFFFF, 0xFFFF, 0xCE79, 0xBDD7, 0xBDD7, 0xDEDB, 0xFFFF, 0xFFFF, 0xDEFB, 0xBDD7,
    0xBDD7, 0xBDD7, 0xBDD7, 0xBDD7, 0xDEFB, 0xFFFF, 0xFFFF, 0xFFFF, 0xFFFF, 0xFFFF,
    0xFFFF, 0xFFFF, 0xFFFF, 0xFFFF, 0xFFFF, 0xFFFF, 0xEF5D, 0xBDD7, 0xBDD7, 0xD69A,
    0xFFFF, 0xFFFF, 0xFFFF, 0xFFFF, 0xFFFF, 0xF7BE, 0xBDD7, 0xBDD7, 0xC618, 0xFFFF,
    0xFFFF, 0xFFFF, 0xFFFF, 0xFFFF, 0xFFFF, 0xC618, 0xBDD7, 0xBDD7, 0xBDD7, 0xBDD7,
    0xBDD7, 0xBDD7, 0xBDD7, 0xBDD7, 0xBDD7, 0xBDD7, 0xBDD7, 0xBDD7, 0xBDD7, 0xBDD7,
    0xBDD7, 0xBDD7, 0xBDD7, 0xBDD7, 0xBDD7, 0xBDD7, 0xEF7D, 0xFFFF, 0xFFFF, 0xFFFF,
    0xFFFF, 0xFFFF, 0xFFFF, 0xB5B6, 0x0000, 0x0000, 0x0000, 0x0000, 0x0000, 0x0000,
    0x0000, 0x0000, 0x0000, 0x0000, 0x0000, 0x0000, 0x0000, 0x0000, 0x0000, 0x0000,
    0x0000, 0x0000, 0x0000, 0x0000, 0x10A2, 0xFFFF, 0xFFFF, 0xFFFF, 0x2104, 0x0000,
    0x0000, 0xD6BA, 0xFFFF, 0xFFDF, 0x18C3, 0x0000, 0x0000, 0xDEDB, 0xFFFF, 0xFFFF,
    0x4A69, 0x0000, 0x0000, 0x0000, 0x0000, 0x0000, 0xAD75, 0xFFFF, 0xFFDF, 0xFFFF,
    0xFFFF, 0xFFFF, 0x4208, 0x0000, 0x0000, 0x73AE, 0xFFFF, 0xFFFF, 0x7BEF, 0x0000,
    0x0000, 0x0000, 0x0000, 0x0000, 0x7BEF, 0xFFFF, 0xFFDF, 0xFFFF, 0xFFFF, 0xFFFF,
    0xFFFF, 0xFFFF, 0xFFFF, 0xFFFF, 0xFFDF, 0xFFFF, 0xAD55, 0x0000, 0x0000, 0x4A49,
    0xFFFF, 0xFFDF, 0xFFFF, 0xFFDF, 0xFFFF, 0xDEDB, 0x0000, 0x0000, 0x18E3, 0xFFDF,
    0xFFFF, 0xFFDF, 0xFFFF, 0xFFFF, 0xFFFF, 0x18C3, 0x0000, 0x0000, 0x0000, 0x0000,
    0x0000, 0x0000, 0x0000, 0x0000, 0x0000, 0x0000, 0x0000, 0x0000, 0x0000, 0x0000,
    0x0000, 0x0000, 0x0000, 0x0000, 0x0000, 0x0000, 0xB5B6, 0xFFFF, 0xFFFF, 0xFFFF,
    0xFFFF, 0xFFFF, 0xFFFF, 0xBDD7, 0x0000, 0x0020, 0x0000, 0x0000, 0x0000, 0x0000,
    0x0000, 0x0000, 0x0000, 0x0000, 0x0000, 0x0000, 0x0000, 0x0000, 0x0000, 0x0000,
    0x0000, 0x0000, 0x0020, 0x0000, 0x2124, 0xFFFF, 0xFFFF, 0xFFFF, 0x18E3, 0x0000,
    0x0000, 0xE71C, 0xFFFF, 0xFFFF, 0x2945, 0x0000, 0x0841, 0xEF5D, 0xFFFF, 0xFFFF,
    0x528A, 0x0000, 0x0000, 0x0000, 0x0000, 0x0000, 0xAD75, 0xFFFF, 0xFFDF, 0xFFFF,
    0xFFFF, 0xFFFF, 0x4208, 0x0000, 0x0000, 0x73AE, 0xFFFF, 0xFFFF, 0x7BEF, 0x0000,
    0x0000, 0x0000, 0x0000, 0x0000, 0x7BEF, 0xFFFF, 0xFFDF, 0xFFFF, 0xFFFF, 0xFFFF,
    0xFFFF, 0xFFFF, 0xFFFF, 0xFFFF, 0xFFFF, 0xFFFF, 0xBDD7, 0x0000, 0x0000, 0x5ACB,
    0xFFFF, 0xFFFF, 0xFFFF, 0xFFFF, 0xFFFF, 0xE73C, 0x0000, 0x0000, 0x18E3, 0xFFFF,
    0xFFFF, 0xFFFF, 0xFFFF, 0xFFFF, 0xFFFF, 0x2124, 0x0000, 0x0020, 0x0000, 0x0000,
    0x0000, 0x0000, 0x0000, 0x0000, 0x0000, 0x0000, 0x0000, 0x0000, 0x0000, 0x0000,
    0x0000, 0x0000, 0x0000, 0x0000, 0x0020, 0x0000, 0xBDD7, 0xFFFF, 0xFFFF, 0xFFFF,
    0xFFFF, 0xFFFF, 0xFFFF, 0xBDD7, 0x0000, 0x0000, 0x10A2, 0x4A49, 0x4A49, 0x4A49,
    0x4A49, 0x4A49, 0x4A49, 0x4A49, 0x4A49, 0x4A49, 0x4A49, 0x4A49, 0x4A49, 0x4A49,
    0x4A49, 0x4208, 0x0000, 0x0000, 0x2104, 0xFFFF, 0xFFFF, 0xFFFF, 0x632C, 0x4A49,
    0x4A49, 0xA534, 0xB5B6, 0xB596, 0x18C3, 0x0000, 0x0020, 0x9CF3, 0xB5B6, 0xB5B6,
    0x6B6D, 0x4A49, 0x4A49, 0x4A49, 0x4A69, 0x4A49, 0xC638, 0xFFFF, 0xFFFF, 0xFFFF,
    0xFFFF, 0xFFFF, 0x7BEF, 0x4A49, 0x4A49, 0xA514, 0xFFFF, 0xFFFF, 0xA534, 0x4A49,
    0x4A69, 0x4A49, 0x4A69, 0x4A49, 0xA534, 0xFFFF, 0xFFFF, 0xFFFF, 0xFFFF, 0xFFFF,
    0xEF5D, 0xB5B6, 0xB5B6, 0xB5B6, 0xB596, 0xB5B6, 0x7BEF, 0x0000, 0x0000, 0x39E7,
    0xB5B6, 0xB596, 0xB5B6, 0xB5B6, 0xB5B6, 0xA534, 0x4A49, 0x4A49, 0x5ACB, 0xB5B6,
    0xB5B6, 0xC618, 0xFFFF, 0xFFFF, 0xFFFF, 0x2104, 0x0000, 0x0000, 0x4208, 0x4A49,
    0x4A49, 0x4A49, 0x4A49, 0x4A49, 0x4A49, 0x4A49, 0x4A49, 0x4A49, 0x4A49, 0x4A49,
    0x4A49, 0x4A49, 0x4A49, 0x10A2, 0x0000, 0x0000, 0xBDD7, 0xFFFF, 0xFFFF, 0xFFFF,
    0xFFFF, 0xFFFF, 0xFFFF, 0xBDD7, 0x0000, 0x0000, 0x4A69, 0xFFFF, 0xFFFF, 0xFFFF,
    0xFFFF, 0xFFFF, 0xFFFF, 0xFFFF, 0xFFFF, 0xFFFF, 0xFFFF, 0xFFFF, 0xFFFF, 0xFFFF,
    0xFFFF, 0xEF5D, 0x0020, 0x0000, 0x2104, 0xFFFF, 0xFFFF, 0xFFFF, 0xFFFF, 0xFFFF,
    0xFFFF, 0x18E3, 0x0000, 0x0000, 0x0000, 0x0000, 0x0000, 0x0000, 0x0000, 0x0000,
    0xAD75, 0xFFFF, 0xFFFF, 0xFFFF, 0xFFFF, 0xFFFF, 0xFFFF, 0xFFFF, 0xFFFF, 0xFFFF,
    0xFFFF, 0xFFFF, 0xFFFF, 0xFFFF, 0xFFFF, 0xFFFF, 0xFFFF, 0xFFFF, 0xFFFF, 0xFFFF,
    0xFFFF, 0xFFFF, 0xFFFF, 0xFFFF, 0xFFFF, 0xFFFF, 0xFFFF, 0xFFFF, 0xFFFF, 0xFFFF,
    0xB596, 0x0000, 0x0000, 0x0000, 0x0000, 0x0000, 0x0000, 0x0000, 0x0000, 0x0000,
    0x0000, 0x0000, 0x0000, 0x0000, 0x0000, 0x18E3, 0xFFFF, 0xFFFF, 0xE71C, 0x0000,
    0x0000, 0x2104, 0xFFFF, 0xFFFF, 0xFFFF, 0x2124, 0x0000, 0x0020, 0xEF5D, 0xFFFF,
    0xFFFF, 0xFFFF, 0xFFFF, 0xFFFF, 0xFFFF, 0xFFFF, 0xFFFF, 0xFFFF, 0xFFFF, 0xFFFF,
    0xFFFF, 0xFFFF, 0xFFFF, 0x4A69, 0x0000, 0x0000, 0xBDD7, 0xFFFF, 0xFFFF, 0xFFFF,
    0xFFFF, 0xFFFF, 0xFFFF, 0xBDD7, 0x0000, 0x0000, 0x4228, 0xFFFF, 0xFFDF, 0xFFFF,
    0xFFFF, 0xFFFF, 0xFFFF, 0xFFFF, 0xFFFF, 0xFFFF, 0xFFFF, 0xFFFF, 0xFFFF, 0xFFDF,
    0xFFFF, 0xDEFB, 0x0020, 0x0000, 0x2104, 0xFFFF, 0xFFFF, 0xFFFF, 0xFFFF, 0xFFFF,
    0xFFFF, 0x2945, 0x0000, 0x0020, 0x0000, 0x0000, 0x0000, 0x0000, 0x0020, 0x0000,
    0xAD55, 0xFFFF, 0xFFDF, 0xFFFF, 0xFFFF, 0xFFFF, 0xFFFF, 0xFFFF, 0xFFFF, 0xFFFF,
    0xFFFF, 0xFFFF, 0xFFFF, 0xFFFF, 0xFFFF, 0xFFFF, 0xFFFF, 0xFFFF, 0xFFFF, 0xFFFF,
    0xFFFF, 0xFFFF, 0xFFFF, 0xFFFF, 0xFFFF, 0xFFFF, 0xFFFF, 0xFFFF, 0xFFFF, 0xFFFF,
    0xB596, 0x0000, 0x0000, 0x0000, 0x0000, 0x0000, 0x0000, 0x0000, 0x0000, 0x0000,
    0x0000, 0x0000, 0x0000, 0x0000, 0x0000, 0x18C3, 0xFFFF, 0xFFFF, 0xE71C, 0x0000,
    0x0000, 0x18E3, 0xFFFF, 0xFFFF, 0xFFFF, 0x2124, 0x0000, 0x0020, 0xDEDB, 0xFFFF,
    0xFFDF, 0xFFFF, 0xFFFF, 0xFFFF, 0xFFFF, 0xFFFF, 0xFFFF, 0xFFFF, 0xFFFF, 0xFFFF,
    0xFFFF, 0xFFDF, 0xFFFF, 0x4228, 0x0000, 0x0000, 0xBDD7, 0xFFFF, 0xFFFF, 0xFFFF,
    0xFFFF, 0xFFFF, 0xFFFF, 0xBDD7, 0x0000, 0x0000, 0x4A49, 0xFFFF, 0xFFFF, 0xEF5D,
    0xB596, 0xB596, 0xB596, 0xB596, 0xB596, 0xB596, 0xB596, 0xB596, 0xBDD7, 0xFFDF,
    0xFFFF, 0xDEFB, 0x0020, 0x0000, 0x2104, 0xFFFF, 0xFFFF, 0xFFFF, 0xBDF7, 0xB596,
    0xB596, 0x18C3, 0x0000, 0x0000, 0x0000, 0x0000, 0x0000, 0x0000, 0x0020, 0x0000,
    0xAD55, 0xFFFF, 0xFFFF, 0xCE59, 0xB596, 0xB596, 0xE73C, 0xFFFF, 0xFFFF, 0xCE59,
    0xB596, 0xB596, 0xEF5D, 0xFFFF, 0xFFFF, 0xFFFF, 0xFFFF, 0xFFFF, 0xFFFF, 0xFFFF,
    0xFFFF, 0xFFFF, 0xFFFF, 0xFFFF, 0xD6BA, 0xB596, 0xB596, 0xCE59, 0xFFFF, 0xFFFF,
    0xCE59, 0x4A49, 0x4A69, 0x31A6, 0x0000, 0x0000, 0x0000, 0x0000, 0x0000, 0x18C3,
    0x4A69, 0x4A49, 0x4A69, 0x4A69, 0x4A49, 0x5ACB, 0xB596, 0xB5B6, 0xA514, 0x4A69,
    0x4A49, 0x6B4D, 0xFFFF, 0xFFFF, 0xFFFF, 0x2124, 0x0000, 0x0020, 0xDEFB, 0xFFFF,
    0xFFDF, 0xBDD7, 0xB596, 0xB596, 0xB596, 0xB596, 0xB596, 0xB596, 0xB596, 0xB596,
    0xEF5D, 0xFFFF, 0xFFFF, 0x4A49, 0x0000, 0x0000, 0xBDD7, 0xFFFF, 0xFFFF, 0xFFFF,
    0xFFFF, 0xFFFF, 0xFFFF, 0xBDD7, 0x0000, 0x0000, 0x4A49, 0xFFFF, 0xFFFF, 0xB596,
    0x0000, 0x0000, 0x0000, 0x0000, 0x0000, 0x0000, 0x0000, 0x0000, 0x1082, 0xFFDF,
    0xFFFF, 0xDEFB, 0x0020, 0x0000, 0x2104, 0xFFFF, 0xFFFF, 0xFFFF, 0x18E3, 0x0000,
    0x0000, 0x0000, 0x0000, 0x0000, 0x0000, 0x0000, 0x0000, 0x0000, 0x0020, 0x0000,
    0xAD55, 0xFFFF, 0xFFFF, 0x4A49, 0x0000, 0x0000, 0xAD75, 0xFFFF, 0xFFFF, 0x4208,
    0x0000, 0x0000, 0xB596, 0xFFFF, 0xFFDF, 0xFFFF, 0xFFFF, 0xFFFF, 0xFFFF, 0xFFFF,
    0xFFFF, 0xFFFF, 0xFFDF, 0xFFFF, 0x73AE, 0x0000, 0x0000, 0x39E7, 0xFFFF, 0xFFDF,
    0xFFFF, 0xFFFF, 0xFFFF, 0xBDD7, 0x0000, 0x0000, 0x0000, 0x0020, 0x0000, 0x5ACB,
    0xFFFF, 0xFFFF, 0xFFFF, 0xFFFF, 0xFFFF, 0xE73C, 0x0000, 0x0000, 0x18E3, 0xFFFF,
    0xFFFF, 0xFFFF, 0xFFFF, 0xFFFF, 0xFFFF, 0x2124, 0x0000, 0x0020, 0xDEFB, 0xFFFF,
    0xFFDF, 0x1082, 0x0000, 0x0000, 0x0000, 0x0000, 0x0000, 0x0000, 0x0000, 0x0000,
    0xB596, 0xFFFF, 0xFFFF, 0x4A49, 0x0000, 0x0000, 0xBDD7, 0xFFFF, 0xFFFF, 0xFFFF,
    0xFFFF, 0xFFFF, 0xFFFF, 0xBDD7, 0x0000, 0x0000, 0x4A49, 0xFFFF, 0xFFFF, 0xB5B6,
    0x0000, 0x0020, 0x0000, 0x0000, 0x0000, 0x0000, 0x0020, 0x0000, 0x2104, 0xFFDF,
    0xFFFF, 0xDEFB, 0x0020, 0x0000, 0x2104, 0xFFFF, 0xFFFF, 0xFFFF, 0x2965, 0x0000,
    0x0020, 0x0000, 0x0000, 0x0000, 0x0000, 0x0000, 0x0000, 0x0000, 0x0000, 0x0000,
    0xAD75, 0xFFFF, 0xFFFF, 0x528A, 0x0000, 0x0000, 0xAD75, 0xFFFF, 0xFFFF, 0x4A69,
    0x0000, 0x0000, 0xBDF7, 0xFFFF, 0xFFFF, 0xFFFF, 0xFFFF, 0xFFFF, 0xFFFF, 0xFFFF,
    0xFFFF, 0xFFFF, 0xFFDF, 0xFFFF, 0x7BCF, 0x0000, 0x0000, 0x4228, 0xFFFF, 0xFFFF,
    0xFFFF, 0xFFDF, 0xFFFF, 0xAD75, 0x0000, 0x0000, 0x0000, 0x0020, 0x0000, 0x528A,
    0xFFFF, 0xFFDF, 0xFFFF, 0xFFFF, 0xFFFF, 0xDEFB, 0x0020, 0x0000, 0x2945, 0xFFFF,
    0xFFFF, 0xFFFF, 0xFFFF, 0xFFFF, 0xFFFF, 0x2124, 0x0000, 0x0020, 0xDEFB, 0xFFFF,
    0xFFDF, 0x2104, 0x0000, 0x0020, 0x0000, 0x0000, 0x0000, 0x0000, 0x0020, 0x0000,
    0xB5B6, 0xFFFF, 0xFFFF, 0x4A49, 0x0000, 0x0000, 0xBDD7, 0xFFFF, 0xFFFF, 0xFFFF,
    0xFFFF, 0xFFFF, 0xFFFF, 0xBDD7, 0x0000, 0x0000, 0x4A49, 0xFFFF, 0xFFFF, 0xB5B6,
    0x0000, 0x0000, 0x0000, 0x0000, 0x0000, 0x0000, 0x0000, 0x0000, 0x18E3, 0xFFDF,
    0xFFFF, 0xDEFB, 0x0020, 0x0000, 0x2104, 0xFFFF, 0xFFFF, 0xFFFF, 0x2945, 0x0000,
    0x0000, 0x10A2, 0x18C3, 0x18C3, 0x0020, 0x0000, 0x0000, 0x10A2, 0x18E3, 0x18C3,
    0xA514, 0xE73C, 0xE73C, 0x5AEB, 0x18C3, 0x18C3, 0xBDD7, 0xFFFF, 0xFFFF, 0x4A69,
    0x0000, 0x0000, 0xA514, 0xE73C, 0xE71C, 0xE73C, 0xE73C, 0xE73C, 0xF79E, 0xFFFF,
    0xFFFF, 0xFFFF, 0xFFDF, 0xFFFF, 0x8C51, 0x18C3, 0x18C3, 0x52AA, 0xE73C, 0xE71C,
    0xEF7D, 0xFFFF, 0xFFFF, 0xB596, 0x0000, 0x0000, 0x0000, 0x0020, 0x0000, 0x52AA,
    0xFFFF, 0xFFFF, 0xFFDF, 0xE71C, 0xE73C, 0xC638, 0x0020, 0x0000, 0x2104, 0xE71C,
    0xE73C, 0xEF5D, 0xFFFF, 0xFFFF, 0xFFFF, 0x2124, 0x0000, 0x0020, 0xDEFB, 0xFFFF,
    0xFFDF, 0x18E3, 0x0000, 0x0000, 0x0000, 0x0000, 0x0000, 0x0000, 0x0000, 0x0000,
    0xB5B6, 0xFFFF, 0xFFFF, 0x4A49, 0x0000, 0x0000, 0xBDD7, 0xFFFF, 0xFFFF, 0xFFFF,
    0xFFFF, 0xFFFF, 0xFFFF, 0xBDD7, 0x0000, 0x0000, 0x4A49, 0xFFFF, 0xFFFF, 0xB5B6,
    0x0000, 0x0000, 0x0000, 0x0000, 0x0000, 0x0000, 0x0000, 0x0000, 0x18E3, 0xFFDF,
    0xFFFF, 0xDEFB, 0x0020, 0x0000, 0x2104, 0xFFFF, 0xFFFF, 0xFFFF, 0x2945, 0x0000,
    0x0020, 0xD69A, 0xF7BE, 0xF79E, 0x2124, 0x0000, 0x0020, 0xD6BA, 0xF7BE, 0xF7BE,
    0x5ACB, 0x0841, 0x0841, 0xAD55, 0xF7BE, 0xF79E, 0xFFFF, 0xFFFF, 0xFFFF, 0x4A69,
    0x0000, 0x0020, 0x0020, 0x0841, 0x0841, 0x0841, 0x0861, 0x0841, 0x8410, 0xFFFF,
    0xFFDF, 0xFFFF, 0xFFFF, 0xFFFF, 0xFFDF, 0xF7BE, 0xF7BE, 0xB5B6, 0x0841, 0x0841,
    0x528A, 0xFFFF, 0xFFFF, 0xB596, 0x0000, 0x0020, 0x0000, 0x0020, 0x0000, 0x528A,
    0xFFFF, 0xFFFF, 0xDEFB, 0x0861, 0x0841, 0x0841, 0x0000, 0x0000, 0x0000, 0x0841,
    0x0841, 0x2965, 0xFFFF, 0xFFFF, 0xFFFF, 0x2124, 0x0000, 0x0020, 0xDEFB, 0xFFFF,
    0xFFDF, 0x18E3, 0x0000, 0x0000, 0x0000, 0x0000, 0x0000, 0x0000, 0x0000, 0x0000,
    0xB5B6, 0xFFFF, 0xFFFF, 0x4A49, 0x0000, 0x0000, 0xBDD7, 0xFFFF, 0xFFFF, 0xFFFF,
    0xFFFF, 0xFFFF, 0xFFFF, 0xBDD7, 0x0000, 0x0000, 0x4A49, 0xFFFF, 0xFFFF, 0xB5B6,
    0x0000, 0x0000, 0x0000, 0x0000, 0x0000, 0x0000, 0x0000, 0x0000, 0x18E3, 0xFFDF,
    0xFFFF, 0xDEFB, 0x0020, 0x0000, 0x2104, 0xFFFF, 0xFFFF, 0xFFFF, 0x2104, 0x0000,
    0x0000, 0xDEDB, 0xFFFF, 0xFFFF, 0x18E3, 0x0000, 0x0000, 0xE73C, 0xFFFF, 0xFFFF,
    0x528A, 0x0000, 0x0000, 0xAD75, 0xFFFF, 0xFFFF, 0xFFFF, 0xFFFF, 0xFFFF, 0x4228,
    0x0000, 0x0000, 0x0000, 0x0000, 0x0000, 0x0000, 0x0000, 0x0000, 0x7BEF, 0xFFFF,
    0xFFFF, 0xFFFF, 0xFFFF, 0xFFFF, 0xFFFF, 0xFFFF, 0xFFFF, 0xB5B6, 0x0000, 0x0000,
    0x4228, 0xFFFF, 0xFFFF, 0xAD75, 0x0000, 0x0000, 0x0000, 0x0020, 0x0000, 0x52AA,
    0xFFFF, 0xFFFF, 0xE71C, 0x0000, 0x0000, 0x0000, 0x0000, 0x0000, 0x0000, 0x0000,
    0x0000, 0x2124, 0xFFFF, 0xFFFF, 0xFFFF, 0x2124, 0x0000, 0x0020, 0xDEFB, 0xFFFF,
    0xFFDF, 0x18E3, 0x0000, 0x0000, 0x0000, 0x0000, 0x0000, 0x0000, 0x0000, 0x0000,
    0xB5B6, 0xFFFF, 0xFFFF, 0x4A49, 0x0000, 0x0000, 0xBDD7, 0xFFFF, 0xFFFF, 0xFFFF,
    0xFFFF, 0xFFFF, 0xFFFF, 0xBDD7, 0x0000, 0x0000, 0x4A49, 0xFFFF, 0xFFFF, 0xB5B6,
    0x0000, 0x0000, 0x0000, 0x0000, 0x0000, 0x0000, 0x0000, 0x0000, 0x18E3, 0xFFDF,
    0xFFFF, 0xDEFB, 0x0020, 0x0000, 0x2104, 0xFFFF, 0xFFFF, 0xFFFF, 0x4208, 0x18E3,
    0x18E3, 0xDEFB, 0xFFFF, 0xFFDF, 0x39E7, 0x18E3, 0x2104, 0xCE59, 0xE71C, 0xE71C,
    0x5AEB, 0x18E3, 0x18E3, 0xB5B6, 0xFFFF, 0xFFDF, 0xFFFF, 0xFFFF, 0xFFFF, 0x630C,
    0x18E3, 0x2104, 0x18E3, 0x18E3, 0x18E3, 0x18E3, 0x2104, 0x18E3, 0x7BEF, 0xE71C,
    0xDEFB, 0xE71C, 0xE71C, 0xE71C, 0xF79E, 0xFFFF, 0xFFFF, 0xBDF7, 0x18E3, 0x18E3,
    0x630C, 0xFFFF, 0xFFFF, 0xBDD7, 0x18C3, 0x2104, 0x10A2, 0x0000, 0x0000, 0x4A49,
    0xE73C, 0xE71C, 0xCE59, 0x2104, 0x18E3, 0x18C3, 0x0000, 0x0000, 0x0000, 0x0000,
    0x0000, 0x2945, 0xFFFF, 0xFFFF, 0xFFFF, 0x2124, 0x0000, 0x0020, 0xDEFB, 0xFFFF,
    0xFFDF, 0x18E3, 0x0000, 0x0000, 0x0000, 0x0000, 0x0000, 0x0000, 0x0000, 0x0000,
    0xB5B6, 0xFFFF, 0xFFFF, 0x4A49, 0x0000, 0x0000, 0xBDD7, 0xFFFF, 0xFFFF, 0xFFFF,
    0xFFFF, 0xFFFF, 0xFFFF, 0xBDD7, 0x0000, 0x0000, 0x4A49, 0xFFFF, 0xFFFF, 0xB5B6,
    0x0000, 0x0020, 0x0000, 0x0000, 0x0000, 0x0000, 0x0020, 0x0000, 0x2104, 0xFFDF,
    0xFFFF, 0xDEFB, 0x0020, 0x0000, 0x2104, 0xFFFF, 0xFFFF, 0xFFFF, 0xFFDF, 0xF7BE,
    0xF7BE, 0xFFFF, 0xFFFF, 0xFFFF, 0xFFDF, 0xFFDF, 0xF7BE, 0x2124, 0x0841, 0x0841,
    0xAD55, 0xFFDF, 0xF7BE, 0xFFFF, 0xFFFF, 0xFFFF, 0xFFFF, 0xFFFF, 0xFFFF, 0xFFDF,
    0xFFDF, 0xFFDF, 0xF7BE, 0xF7BE, 0xF7BE, 0xFFDF, 0xF7BE, 0xFFDF, 0x8410, 0x0841,
    0x0861, 0x0020, 0x0841, 0x0020, 0x8430, 0xFFFF, 0xFFDF, 0xFFFF, 0xFFDF, 0xFFDF,
    0xFFDF, 0xFFFF, 0xFFFF, 0xFFFF, 0xF7BE, 0xFFDF, 0xAD55, 0x0000, 0x0020, 0x0000,
    0x0841, 0x0020, 0x2124, 0xF7BE, 0xFFDF, 0xD6BA, 0x0020, 0x0000, 0x0000, 0x0020,
    0x0000, 0x2945, 0xFFFF, 0xFFFF, 0xFFFF, 0x2124, 0x0000, 0x0020, 0xDEFB, 0xFFFF,
    0xFFDF, 0x2104, 0x0000, 0x0020, 0x0000, 0x0000, 0x0000, 0x0000, 0x0020, 0x0000,
    0xB5B6, 0xFFFF, 0xFFFF, 0x4A49, 0x0000, 0x0000, 0xBDD7, 0xFFFF, 0xFFFF, 0xFFFF,
    0xFFFF, 0xFFFF, 0xFFFF, 0xBDD7, 0x0000, 0x0000, 0x4A49, 0xFFFF, 0xFFFF, 0xB596,
    0x0000, 0x0000, 0x0000, 0x0000, 0x0000, 0x0000, 0x0000, 0x0000, 0x10A2, 0xFFDF,
    0xFFFF, 0xDEFB, 0x0020, 0x0000, 0x2104, 0xFFFF, 0xFFFF, 0xFFFF, 0xFFFF, 0xFFFF,
    0xFFFF, 0xFFFF, 0xFFFF, 0xFFFF, 0xFFFF, 0xFFFF, 0xFFFF, 0x18C3, 0x0000, 0x0000,
    0xAD55, 0xFFFF, 0xFFFF, 0xFFFF, 0xFFFF, 0xFFFF, 0xFFFF, 0xFFFF, 0xFFFF, 0xFFFF,
    0xFFFF, 0xFFFF, 0xFFFF, 0xFFFF, 0xFFFF, 0xFFFF, 0xFFFF, 0xFFFF, 0x7BEF, 0x0000,
    0x0000, 0x0000, 0x0000, 0x0000, 0x8410, 0xFFFF, 0xFFDF, 0xFFFF, 0xFFFF, 0xFFFF,
    0xFFFF, 0xFFFF, 0xFFFF, 0xFFFF, 0xFFFF, 0xFFFF, 0xAD75, 0x0000, 0x0000, 0x0000,
    0x0000, 0x0000, 0x2104, 0xFFFF, 0xFFFF, 0xDEFB, 0x0000, 0x0000, 0x0000, 0x0000,
    0x0000, 0x2104, 0xFFFF, 0xFFFF, 0xFFFF, 0x2124, 0x0000, 0x0020, 0xDEFB, 0xFFFF,
    0xFFDF, 0x10A2, 0x0000, 0x0000, 0x0000, 0x0000, 0x0000, 0x0000, 0x0000, 0x0000,
    0xB596, 0xFFFF, 0xFFFF, 0x4A49, 0x0000, 0x0000, 0xBDD7, 0xFFFF, 0xFFFF, 0xFFFF,
    0xFFFF, 0xFFFF, 0xFFFF, 0xBDD7, 0x0000, 0x0000, 0x4A49, 0xFFFF, 0xFFFF, 0xBDF7,
    0x18E3, 0x2104, 0x18E3, 0x18E3, 0x18E3, 0x18E3, 0x2104, 0x18E3, 0x39C7, 0xFFDF,
    0xFFFF, 0xDEFB, 0x0020, 0x0000, 0x2104, 0xFFFF, 0xFFFF, 0xFFFF, 0xE73C, 0xDEFB,
    0xDEFB, 0xE71C, 0xE71C, 0xE71C, 0xFFDF, 0xFFFF, 0xFFDF, 0x39E7, 0x18E3, 0x18E3,
    0xB5B6, 0xFFFF, 0xFFDF, 0xEF5D, 0xE71C, 0xE71C, 0xF7BE, 0xFFFF, 0xFFFF, 0xFFFF,
    0xFFFF, 0xFFFF, 0xEF5D, 0xDEFB, 0xDEFB, 0xEF7D, 0xFFDF, 0xFFFF, 0x9492, 0x18E3,
    0x2124, 0x1082, 0x0020, 0x0000, 0x8430, 0xFFFF, 0xFFDF, 0xFFFF, 0xFFFF, 0xFFFF,
    0xFFFF, 0xFFFF, 0xFFFF, 0xFFFF, 0xFFDF, 0xFFFF, 0xB5B6, 0x18E3, 0x2104, 0x10A2,
    0x0000, 0x0000, 0x2104, 0xFFDF, 0xFFFF, 0xDEFB, 0x2104, 0x18E3, 0x2104, 0x2104,
    0x18E3, 0x4208, 0xFFFF, 0xFFFF, 0xFFFF, 0x2124, 0x0000, 0x0020, 0xDEFB, 0xFFFF,
    0xFFDF, 0x39C7, 0x18E3, 0x2104, 0x18E3, 0x18E3, 0x18E3, 0x18E3, 0x2104, 0x18E3,
    0xBDF7, 0xFFFF, 0xFFFF, 0x4A49, 0x0000, 0x0000, 0xBDD7, 0xFFFF, 0xFFFF, 0xFFFF,
    0xFFFF, 0xFFFF, 0xFFFF, 0xBDD7, 0x0000, 0x0000, 0x4228, 0xFFFF, 0xFFDF, 0xFFFF,
    0xFFDF, 0xFFDF, 0xFFDF, 0xFFDF, 0xFFDF, 0xFFDF, 0xFFDF, 0xFFDF, 0xFFDF, 0xFFDF,
    0xFFFF, 0xDEFB, 0x0020, 0x0000, 0x2104, 0xFFFF, 0xFFFF, 0xFFFF, 0x2965, 0x0020,
    0x0020, 0x0020, 0x0020, 0x0841, 0xDEDB, 0xFFFF, 0xFFDF, 0xFFDF, 0xFFDF, 0xFFDF,
    0xFFFF, 0xFFDF, 0xFFFF, 0x52AA, 0x0020, 0x0020, 0xB596, 0xFFFF, 0xFFDF, 0xFFFF,
    0xFFFF, 0xFFFF, 0x4A69, 0x0020, 0x0020, 0x7BEF, 0xFFFF, 0xFFDF, 0xFFFF, 0xF7BE,
    0xFFDF, 0x7BEF, 0x0000, 0x0000, 0x8430, 0xFFFF, 0xFFDF, 0xFFFF, 0xFFFF, 0xFFFF,
    0xFFFF, 0xFFFF, 0xFFFF, 0xFFFF, 0xFFFF, 0xFFFF, 0xFFFF, 0xF7BE, 0xFFDF, 0xA534,
    0x0000, 0x0000, 0x2104, 0xFFDF, 0xFFFF, 0xFFFF, 0xFFDF, 0xFFDF, 0xFFDF, 0xFFDF,
    0xFFDF, 0xFFDF, 0xFFFF, 0xFFFF, 0xFFFF, 0x2124, 0x0000, 0x0020, 0xDEFB, 0xFFFF,
    0xFFDF, 0xFFDF, 0xFFDF, 0xFFDF, 0xFFDF, 0xFFDF, 0xFFDF, 0xFFDF, 0xFFDF, 0xFFDF,
    0xFFFF, 0xFFDF, 0xFFFF, 0x4228, 0x0000, 0x0000, 0xBDD7, 0xFFFF, 0xFFFF, 0xFFFF,
    0xFFFF, 0xFFFF, 0xFFFF, 0xBDD7, 0x0000, 0x0000, 0x4A49, 0xFFFF, 0xFFFF, 0xFFFF,
    0xFFFF, 0xFFFF, 0xFFFF, 0xFFFF, 0xFFFF, 0xFFFF, 0xFFFF, 0xFFFF, 0xFFFF, 0xFFFF,
    0xFFFF, 0xE73C, 0x0020, 0x0000, 0x2104, 0xFFFF, 0xFFFF, 0xFFFF, 0x2945, 0x0000,
    0x0000, 0x0000, 0x0000, 0x0000, 0xE71C, 0xFFFF, 0xFFFF, 0xFFFF, 0xFFFF, 0xFFFF,
    0xFFFF, 0xFFFF, 0xFFFF, 0x4A69, 0x0000, 0x0000, 0xB596, 0xFFFF, 0xFFFF, 0xFFFF,
    0xFFFF, 0xFFFF, 0x4A49, 0x0000, 0x0000, 0x7BCF, 0xFFFF, 0xFFDF, 0xFFFF, 0xFFFF,
    0xFFFF, 0x7BEF, 0x0000, 0x0000, 0x8430, 0xFFFF, 0xFFFF, 0xFFFF, 0xFFFF, 0xFFFF,
    0xFFFF, 0xFFFF, 0xFFFF, 0xFFFF, 0xFFFF, 0xFFFF, 0xFFFF, 0xFFFF, 0xFFFF, 0xAD75,
    0x0000, 0x0000, 0x18C3, 0xFFFF, 0xFFFF, 0xFFFF, 0xFFFF, 0xFFFF, 0xFFFF, 0xFFFF,
    0xFFFF, 0xFFFF, 0xFFFF, 0xFFFF, 0xFFFF, 0x2124, 0x0000, 0x0020, 0xE73C, 0xFFFF,
    0xFFFF, 0xFFFF, 0xFFFF, 0xFFFF, 0xFFFF, 0xFFFF, 0xFFFF, 0xFFFF, 0xFFFF, 0xFFFF,
    0xFFFF, 0xFFFF, 0xFFFF, 0x4A49, 0x0000, 0x0000, 0xBDD7, 0xFFFF, 0xFFFF, 0xFFFF,
    0xFFFF, 0xFFFF, 0xFFFF, 0xBDD7, 0x0000, 0x0000, 0x39E7, 0xDEFB, 0xDEDB, 0xDEFB,
    0xDEFB, 0xDEFB, 0xDEFB, 0xDEFB, 0xDEFB, 0xDEFB, 0xDEFB, 0xDEFB, 0xDEFB, 0xDEFB,
    0xDEFB, 0xC618, 0x0020, 0x0000, 0x2104, 0xFFFF, 0xFFFF, 0xFFFF, 0x2945, 0x0000,
    0x0000, 0x18E3, 0x2104, 0x2104, 0xC618, 0xDEFB, 0xDEFB, 0xFFDF, 0xFFFF, 0xFFFF,
    0xEF5D, 0xDEDB, 0xDEFB, 0x5AEB, 0x2104, 0x2104, 0xA514, 0xDEFB, 0xDEDB, 0xF7BE,
    0xFFFF, 0xFFFF, 0x4A49, 0x0000, 0x0000, 0x7BCF, 0xFFFF, 0xFFFF, 0xEF7D, 0xDEDB,
    0xDEFB, 0x7BEF, 0x2104, 0x2104, 0x8410, 0xDEFB, 0xDEDB, 0xE73C, 0xFFFF, 0xFFFF,
    0xF7BE, 0xDEFB, 0xDEFB, 0xEF5D, 0xFFFF, 0xFFFF, 0xF7BE, 0xDEDB, 0xDEFB, 0x9CF3,
    0x2104, 0x2104, 0x39C7, 0xDEDB, 0xDEFB, 0xE71C, 0xFFFF, 0xFFFF, 0xFFDF, 0xDEFB,
    0xDEFB, 0xE71C, 0xFFFF, 0xFFFF, 0xFFFF, 0x2124, 0x0000, 0x0020, 0xC618, 0xDEFB,
    0xDEFB, 0xDEFB, 0xDEFB, 0xDEFB, 0xDEFB, 0xDEFB, 0xDEFB, 0xDEFB, 0xDEFB, 0xDEFB,
    0xDEFB, 0xDEDB, 0xDEFB, 0x39E7, 0x0000, 0x0000, 0xBDD7, 0xFFFF, 0xFFFF, 0xFFFF,
    0xFFFF, 0xFFFF, 0xFFFF, 0xBDD7, 0x0000, 0x0020, 0x0000, 0x0020, 0x0020, 0x0020,
    0x0020, 0x0020, 0x0020, 0x0020, 0x0020, 0x0020, 0x0020, 0x0020, 0x0020, 0x0020,
    0x0020, 0x0020, 0x0020, 0x0000, 0x2124, 0xFFFF, 0xFFFF, 0xFFFF, 0x2945, 0x0000,
    0x0000, 0xD6BA, 0xFFDF, 0xF7BE, 0x2945, 0x0020, 0x0841, 0xDEFB, 0xFFFF, 0xFFFF,
    0x52AA, 0x0000, 0x0020, 0xAD75, 0xFFDF, 0xFFDF, 0x528A, 0x0020, 0x0000, 0xB596,
    0xFFFF, 0xFFFF, 0x4A49, 0x0000, 0x0000, 0x7BCF, 0xFFFF, 0xFFFF, 0x8430, 0x0000,
    0x0020, 0x8410, 0xFFDF, 0xFFDF, 0x7BCF, 0x0020, 0x0000, 0x4A49, 0xFFFF, 0xFFFF,
    0xB5B6, 0x0020, 0x0020, 0x528A, 0xFFFF, 0xFFFF, 0xAD75, 0x0000, 0x0020, 0x52AA,
    0xFFDF, 0xFFFF, 0xDEFB, 0x0841, 0x0000, 0x2124, 0xFFDF, 0xFFFF, 0xDEDB, 0x0020,
    0x0000, 0x2945, 0xFFFF, 0xFFFF, 0xFFFF, 0x2124, 0x0000, 0x0020, 0x0020, 0x0020,
    0x0020, 0x0020, 0x0020, 0x0020, 0x0020, 0x0020, 0x0020, 0x0020, 0x0020, 0x0020,
    0x0020, 0x0020, 0x0020, 0x0000, 0x0020, 0x0000, 0xBDD7, 0xFFFF, 0xFFFF, 0xFFFF,
    0xFFFF, 0xFFFF, 0xFFFF, 0xBDD7, 0x0000, 0x0000, 0x0000, 0x0000, 0x0000, 0x0000,
    0x0000, 0x0000, 0x0000, 0x0000, 0x0000, 0x0000, 0x0000, 0x0000, 0x0000, 0x0000,
    0x0000, 0x0000, 0x0000, 0x0000, 0x18C3, 0xFFFF, 0xFFFF, 0xFFFF, 0x2945, 0x0000,
    0x0000, 0xE71C, 0xFFFF, 0xFFFF, 0x18E3, 0x0000, 0x0000, 0xDEFB, 0xFFFF, 0xFFFF,
    0x52AA, 0x0000, 0x0000, 0xAD75, 0xFFFF, 0xFFFF, 0x4A69, 0x0000, 0x0000, 0xBDD7,
    0xFFFF, 0xFFFF, 0x4228, 0x0000, 0x0000, 0x73AE, 0xFFFF, 0xFFFF, 0x8410, 0x0000,
    0x0000, 0x8410, 0xFFFF, 0xFFFF, 0x7BCF, 0x0000, 0x0000, 0x4A49, 0xFFFF, 0xFFFF,
    0xB5B6, 0x0000, 0x0000, 0x4A49, 0xFFFF, 0xFFFF, 0xB596, 0x0000, 0x0000, 0x52AA,
    0xFFFF, 0xFFFF, 0xDEFB, 0x0020, 0x0000, 0x2104, 0xFFDF, 0xFFFF, 0xDEDB, 0x0000,
    0x0000, 0x2124, 0xFFFF, 0xFFFF, 0xFFFF, 0x18E3, 0x0000, 0x0000, 0x0000, 0x0000,
    0x0000, 0x0000, 0x0000, 0x0000, 0x0000, 0x0000, 0x0000, 0x0000, 0x0000, 0x0000,
    0x0000, 0x0000, 0x0000, 0x0000, 0x0000, 0x0000, 0xBDD7, 0xFFFF, 0xFFFF, 0xFFFF,
    0xFFFF, 0xFFFF, 0xFFFF, 0xC638, 0x2104, 0x2124, 0x2124, 0x2124, 0x2124, 0x2124,
    0x2124, 0x2124, 0x2124, 0x2124, 0x2124, 0x2124, 0x2124, 0x2124, 0x2124, 0x2124,
    0x2124, 0x2124, 0x2124, 0x2104, 0x4208, 0xFFFF, 0xFFFF, 0xFFFF, 0x2945, 0x0000,
    0x0000, 0xBDD7, 0xDEFB, 0xD6BA, 0x39E7, 0x2104, 0x2945, 0xE71C, 0xFFFF, 0xFFFF,
    0x52AA, 0x0000, 0x0000, 0xAD75, 0xFFFF, 0xFFFF, 0x4A69, 0x0000, 0x0000, 0x9CD3,
    0xDEFB, 0xDEFB, 0x5ACB, 0x2104, 0x2104, 0x8C71, 0xFFFF, 0xFFFF, 0x8410, 0x0000,
    0x0000, 0x8410, 0xFFFF, 0xFFFF, 0x7BCF, 0x0000, 0x0000, 0x39E7, 0xDEFB, 0xDEFB,
    0xA534, 0x2104, 0x2104, 0x5AEB, 0xDEFB, 0xDEFB, 0x94B2, 0x0000, 0x0000, 0x52AA,
    0xFFFF, 0xFFFF, 0xDEFB, 0x0020, 0x0000, 0x2124, 0xFFDF, 0xFFFF, 0xDEDB, 0x0020,
    0x0000, 0x2945, 0xFFFF, 0xFFFF, 0xFFFF, 0x4208, 0x2104, 0x2124, 0x2124, 0x2124,
    0x2124, 0x2124, 0x2124, 0x2124, 0x2124, 0x2124, 0x2124, 0x2124, 0x2124, 0x2124,
    0x2124, 0x2124, 0x2124, 0x2124, 0x2124, 0x2104, 0xC638, 0xFFFF, 0xFFFF, 0xFFFF,
    0xFFFF, 0xFFFF, 0xFFFF, 0xFFFF, 0xFFFF, 0xFFFF, 0xFFFF, 0xFFFF, 0xFFFF, 0xFFFF,
    0xFFFF, 0xFFFF, 0xFFFF, 0xFFFF, 0xFFFF, 0xFFFF, 0xFFFF, 0xFFFF, 0xFFFF, 0xFFFF,
    0xFFFF, 0xFFFF, 0xFFFF, 0xFFFF, 0xFFFF, 0xFFFF, 0xFFFF, 0xFFFF, 0x2945, 0x0000,
    0x0000, 0x0000, 0x0000, 0x0020, 0xDEDB, 0xFFFF, 0xFFDF, 0xFFFF, 0xFFDF, 0xFFFF,
    0x52AA, 0x0000, 0x0000, 0xAD75, 0xFFFF, 0xFFFF, 0x4A69, 0x0000, 0x0020, 0x0000,
    0x0020, 0x0000, 0xB5B6, 0xFFFF, 0xFFDF, 0xFFFF, 0xFFDF, 0xFFFF, 0x8410, 0x0000,
    0x0000, 0x8410, 0xFFFF, 0xFFFF, 0x7BCF, 0x0000, 0x0020, 0x0000, 0x0020, 0x0000,
    0x4A69, 0xFFFF, 0xFFFF, 0xB596, 0x0000, 0x0020, 0x0000, 0x0020, 0x0000, 0x52AA,
    0xFFFF, 0xFFFF, 0xDEFB, 0x0020, 0x0000, 0x2124, 0xFFDF, 0xFFFF, 0xDEDB, 0x0000,
    0x0000, 0x2945, 0xFFFF, 0xFFFF, 0xFFFF, 0xFFFF, 0xFFFF, 0xFFFF, 0xFFFF, 0xFFFF,
    0xFFFF, 0xFFFF, 0xFFFF, 0xFFFF, 0xFFFF, 0xFFFF, 0xFFFF, 0xFFFF, 0xFFFF, 0xFFFF,
    0xFFFF, 0xFFFF, 0xFFFF, 0xFFFF, 0xFFFF, 0xFFFF, 0xFFFF, 0xFFFF, 0xFFFF, 0xFFFF,
    0xFFFF, 0xFFFF, 0xFFFF, 0xFFFF, 0xFFFF, 0xFFFF, 0xFFFF, 0xFFFF, 0xFFFF, 0xFFFF,
    0xFFFF, 0xFFFF, 0xFFFF, 0xFFFF, 0xFFFF, 0xFFFF, 0xFFFF, 0xFFFF, 0xFFFF, 0xFFFF,
    0xFFFF, 0xFFFF, 0xFFFF, 0xFFFF, 0xFFFF, 0xFFFF, 0xFFFF, 0xFFFF, 0x2945, 0x0000,
    0x0000, 0x0000, 0x0000, 0x0000, 0xDEFB, 0xFFFF, 0xFFFF, 0xFFFF, 0xFFDF, 0xFFFF,
    0x52AA, 0x0000, 0x0000, 0xAD75, 0xFFFF, 0xFFFF, 0x4A69, 0x0000, 0x0020, 0x0000,
    0x0000, 0x0000, 0xB5B6, 0xFFFF, 0xFFFF, 0xFFFF, 0xFFDF, 0xFFFF, 0x8410, 0x0000,
    0x0000, 0x8410, 0xFFFF, 0xFFFF, 0x7BCF, 0x0000, 0x0020, 0x0000, 0x0000, 0x0000,
    0x4A49, 0xFFFF, 0xFFFF, 0xB596, 0x0000, 0x0000, 0x0000, 0x0020, 0x0000, 0x52AA,
    0xFFFF, 0xFFFF, 0xDEFB, 0x0020, 0x0000, 0x2124, 0xFFDF, 0xFFFF, 0xDEDB, 0x0000,
    0x0000, 0x2945, 0xFFFF, 0xFFFF, 0xFFFF, 0xFFFF, 0xFFFF, 0xFFFF, 0xFFFF, 0xFFFF,
    0xFFFF, 0xFFFF, 0xFFFF, 0xFFFF, 0xFFFF, 0xFFFF, 0xFFFF, 0xFFFF, 0xFFFF, 0xFFFF,
    0xFFFF, 0xFFFF, 0xFFFF, 0xFFFF, 0xFFFF, 0xFFFF, 0xFFFF, 0xFFFF, 0xFFFF, 0xFFFF,
    0xFFFF, 0xFFFF, 0xFFFF, 0xFFFF, 0xFFFF, 0xFFFF, 0xFFFF, 0xFFFF, 0xFFFF, 0xFFFF,
    0xFFFF, 0xFFFF, 0xFFFF, 0xFFFF, 0xFFFF, 0xFFFF, 0xFFFF, 0xFFFF, 0xFFFF, 0xFFFF,
    0xFFFF, 0xFFFF, 0xFFFF, 0xFFFF, 0xFFFF, 0xFFFF, 0xFFFF, 0xFFFF, 0x2945, 0x0000,
    0x0000, 0x0000, 0x0000, 0x0000, 0xDEDB, 0xFFFF, 0xFFFF, 0xFFFF, 0xFFDF, 0xFFFF,
    0x52AA, 0x0000, 0x0000, 0xAD75, 0xFFFF, 0xFFFF, 0x4A69, 0x0000, 0x0020, 0x0000,
    0x0020, 0x0000, 0xB5B6, 0xFFFF, 0xFFDF, 0xFFFF, 0xFFDF, 0xFFFF, 0x8410, 0x0000,
    0x0000, 0x8410, 0xFFFF, 0xFFFF, 0x7BCF, 0x0000, 0x0020, 0x0000, 0x0020, 0x0000,
    0x4A49, 0xFFFF, 0xFFFF, 0xB596, 0x0000, 0x0020, 0x0000, 0x0020, 0x0000, 0x52AA,
    0xFFFF, 0xFFFF, 0xDEFB, 0x0020, 0x0000, 0x2124, 0xFFDF, 0xFFFF, 0xDEDB, 0x0000,
    0x0000, 0x2945, 0xFFFF, 0xFFFF, 0xFFFF, 0xFFFF, 0xFFFF, 0xFFFF, 0xFFFF, 0xFFFF,
    0xFFFF, 0xFFFF, 0xFFFF, 0xFFFF, 0xFFFF, 0xFFFF, 0xFFFF, 0xFFFF, 0xFFFF, 0xFFFF,
    0xFFFF, 0xFFFF, 0xFFFF, 0xFFFF, 0xFFFF, 0xFFFF, 0xFFFF, 0xFFFF, 0xFFFF, 0xFFFF,
    0xFFFF, 0xFFFF, 0xFFFF, 0xFFFF, 0xFFFF, 0xFFFF, 0xC618, 0x2124, 0x2124, 0x632C,
    0xFFFF, 0xFFFF, 0xEF5D, 0x3186, 0x2945, 0x39E7, 0xF7BE, 0xFFFF, 0xE73C, 0x2965,
    0x2124, 0x2945, 0x2945, 0x2945, 0x2945, 0x2945, 0x2945, 0x2945, 0x0020, 0x0000,
    0x0000, 0x0000, 0x0000, 0x0000, 0x2104, 0x2945, 0x2124, 0x2945, 0x2124, 0x2945,
    0x0861, 0x0000, 0x0000, 0xAD75, 0xFFFF, 0xFFDF, 0xE73C, 0xD6BA, 0xDEDB, 0xDEDB,
    0xD6BA, 0xD6BA, 0x5ACB, 0x2945, 0x2124, 0x8C71, 0xFFFF, 0xFFFF, 0xEF7D, 0xD69A,
    0xD6BA, 0x7BEF, 0x2945, 0x2965, 0x1082, 0x0000, 0x0000, 0x39E7, 0xDEDB, 0xD6BA,
    0xA534, 0x2945, 0x2945, 0x18C3, 0x0000, 0x0000, 0x0000, 0x0000, 0x0000, 0x0861,
    0x2945, 0x2945, 0x39E7, 0xD6BA, 0xD6BA, 0xDEFB, 0xFFFF, 0xFFFF, 0xDEDB, 0x0000,
    0x0000, 0x0020, 0x2124, 0x2124, 0x2124, 0x2124, 0x2124, 0x2124, 0x2945, 0x2945,
    0x2965, 0xE73C, 0xFFFF, 0xFFDF, 0x39E7, 0x2945, 0x2945, 0x2945, 0x2945, 0x2945,
    0xBDF7, 0xFFFF, 0xFFFF, 0x632C, 0x2945, 0x2945, 0xC638, 0xFFFF, 0xFFFF, 0xFFFF,
    0xFFFF, 0xFFFF, 0xFFFF, 0xFFFF, 0xFFFF, 0xFFFF, 0xB5B6, 0x0000, 0x0000, 0x4228,
    0xFFFF, 0xFFFF, 0xE73C, 0x0000, 0x0000, 0x1082, 0xF7BE, 0xFFFF, 0xE71C, 0x0000,
    0x0000, 0x0000, 0x0000, 0x0000, 0x0000, 0x0000, 0x0000, 0x0000, 0x0000, 0x0000,
    0x0000, 0x0000, 0x0000, 0x0000, 0x0000, 0x0000, 0x0000, 0x0000, 0x0000, 0x0000,
    0x0000, 0x0000, 0x0000, 0xAD75, 0xFFFF, 0xFFFF, 0xFFFF, 0xFFFF, 0xFFFF, 0xFFFF,
    0xFFFF, 0xFFFF, 0x4228, 0x0000, 0x0000, 0x73AE, 0xFFFF, 0xFFDF, 0xFFFF, 0xFFFF,
    0xFFFF, 0x7BEF, 0x0000, 0x0000, 0x0000, 0x0000, 0x0000, 0x4A49, 0xFFFF, 0xFFFF,
    0xBDD7, 0x0000, 0x0000, 0x0000, 0x0000, 0x0000, 0x0000, 0x0000, 0x0000, 0x0000,
    0x0000, 0x0000, 0x18C3, 0xFFFF, 0xFFFF, 0xFFFF, 0xFFFF, 0xFFFF, 0xDEDB, 0x0000,
    0x0000, 0x0000, 0x0000, 0x0000, 0x0000, 0x0000, 0x0000, 0x0000, 0x0000, 0x0000,
    0x0000, 0xDEFB, 0xFFFF, 0xF7BE, 0x1082, 0x0000, 0x0000, 0x0000, 0x0000, 0x0000,
    0xB596, 0xFFFF, 0xFFFF, 0x4208, 0x0000, 0x0000, 0xB5B6, 0xFFFF, 0xFFFF, 0xFFFF,
    0xFFFF, 0xFFFF, 0xFFFF, 0xFFFF, 0xFFFF, 0xFFFF, 0xBDD7, 0x0000, 0x0000, 0x4A69,
    0xFFFF, 0xFFFF, 0xE73C, 0x0861, 0x0000, 0x18E3, 0xF7BE, 0xFFFF, 0xE71C, 0x0841,
    0x0000, 0x0000, 0x0000, 0x0000, 0x0000, 0x0000, 0x0000, 0x0000, 0x0000, 0x0000,
    0x0000, 0x0000, 0x0000, 0x0000, 0x0000, 0x0000, 0x0000, 0x0000, 0x0000, 0x0000,
    0x0000, 0x0000, 0x0000, 0xAD75, 0xFFFF, 0xFFDF, 0xFFFF, 0xFFFF, 0xFFFF, 0xFFFF,
    0xFFDF, 0xFFFF, 0x4A49, 0x0000, 0x0000, 0x7BCF, 0xFFFF, 0xFFDF, 0xFFFF, 0xFFDF,
    0xFFFF, 0x7BEF, 0x0000, 0x0020, 0x0000, 0x0000, 0x0000, 0x4228, 0xFFFF, 0xFFFF,
    0xB596, 0x0000, 0x0020, 0x0000, 0x0000, 0x0000, 0x0000, 0x0000, 0x0000, 0x0000,
    0x0020, 0x0000, 0x2104, 0xFFDF, 0xFFFF, 0xFFFF, 0xFFFF, 0xFFFF, 0xDEDB, 0x0000,
    0x0000, 0x0000, 0x0000, 0x0000, 0x0000, 0x0000, 0x0000, 0x0000, 0x0020, 0x0000,
    0x0841, 0xE71C, 0xFFFF, 0xF7BE, 0x18E3, 0x0000, 0x0020, 0x0000, 0x0020, 0x0000,
    0xB5B6, 0xFFFF, 0xFFFF, 0x4A49, 0x0000, 0x0000, 0xBDD7, 0xFFFF, 0xFFFF, 0xFFFF,
    0xFFFF, 0xFFFF, 0xFFFF, 0xFFFF, 0xFFDF, 0xFFFF, 0xBDD7, 0x0000, 0x0000, 0x4A49,
    0xFFFF, 0xFFFF, 0xFFDF, 0xDEDB, 0xDEDB, 0xC638, 0x2945, 0x2124, 0x2104, 0x0000,
    0x0000, 0x18C3, 0xD6BA, 0xDEDB, 0xDEDB, 0xDEDB, 0xDEDB, 0xDEDB, 0xDEDB, 0xDEDB,
    0xDEDB, 0xDEDB, 0xDEDB, 0xDEDB, 0xDEDB, 0xDEDB, 0xDEDB, 0xDEDB, 0xD6BA, 0xDEDB,
    0x4A49, 0x0000, 0x0020, 0x18C3, 0x2124, 0x2124, 0x2124, 0x2945, 0x2124, 0xBDF7,
    0xFFFF, 0xFFFF, 0x4A49, 0x0000, 0x0000, 0x7BCF, 0xFFFF, 0xFFDF, 0xFFFF, 0xFFDF,
    0xFFFF, 0x7BEF, 0x0000, 0x0020, 0x0000, 0x0000, 0x0000, 0x0841, 0x2945, 0x2124,
    0x5ACB, 0xDEDB, 0xDEDB, 0x94B2, 0x0000, 0x0000, 0x4228, 0xDEDB, 0xDEDB, 0x9492,
    0x0000, 0x0000, 0x2104, 0xFFDF, 0xFFFF, 0xFFFF, 0xFFFF, 0xFFFF, 0xFFDF, 0xDEDB,
    0xDEDB, 0xBDD7, 0x0000, 0x0000, 0x0000, 0x0000, 0x0000, 0x0000, 0xBDF7, 0xDEDB,
    0xDEDB, 0xFFDF, 0xFFFF, 0xFFFF, 0xDEFB, 0xDEDB, 0xDEDB, 0xDEDB, 0xDEDB, 0xDEDB,
    0x5ACB, 0x2124, 0x2124, 0xA534, 0xDEDB, 0xD6BA, 0xF7BE, 0xFFFF, 0xFFFF, 0xFFFF,
    0xFFFF, 0xFFFF, 0xFFFF, 0xFFFF, 0xFFFF, 0xFFFF, 0xBDD7, 0x0000, 0x0000, 0x4A49,
    0xFFFF, 0xFFFF, 0xFFFF, 0xFFFF, 0xFFFF, 0xEF7D, 0x0000, 0x0000, 0x0000, 0x0000,
    0x0000, 0x2104, 0xFFFF, 0xFFFF, 0xFFFF, 0xFFFF, 0xFFFF, 0xFFFF, 0xFFFF, 0xFFFF,
    0xFFFF, 0xFFFF, 0xFFFF, 0xFFFF, 0xFFFF, 0xFFFF, 0xFFFF, 0xFFFF, 0xFFFF, 0xFFFF,
    0x52AA, 0x0000, 0x0000, 0x0000, 0x0000, 0x0000, 0x0000, 0x0000, 0x0000, 0xB596,
    0xFFFF, 0xFFFF, 0x4A49, 0x0000, 0x0000, 0x7BCF, 0xFFFF, 0xFFDF, 0xFFFF, 0xFFFF,
    0xFFFF, 0x7BEF, 0x0000, 0x0000, 0x0000, 0x0000, 0x0000, 0x0000, 0x0000, 0x0000,
    0x4228, 0xFFFF, 0xFFFF, 0xB5B6, 0x0000, 0x0000, 0x528A, 0xFFFF, 0xFFFF, 0xB596,
    0x0000, 0x0000, 0x2104, 0xFFDF, 0xFFFF, 0xFFFF, 0xFFFF, 0xFFFF, 0xFFFF, 0xFFFF,
    0xFFFF, 0xDEFB, 0x0000, 0x0000, 0x0000, 0x0000, 0x0000, 0x0020, 0xE73C, 0xFFFF,
    0xFFFF, 0xFFFF, 0xFFFF, 0xFFFF, 0xFFFF, 0xFFFF, 0xFFFF, 0xFFFF, 0xFFFF, 0xFFFF,
    0x4228, 0x0000, 0x0000, 0xBDD7, 0xFFFF, 0xFFFF, 0xFFFF, 0xFFFF, 0xFFFF, 0xFFFF,
    0xFFFF, 0xFFFF, 0xFFFF, 0xFFFF, 0xFFDF, 0xFFFF, 0xB5B6, 0x0000, 0x0000, 0x4A49,
    0xFFFF, 0xFFDF, 0xFFFF, 0xFFDF, 0xFFDF, 0xE71C, 0x0841, 0x0000, 0x0000, 0x0000,
    0x0000, 0x18E3, 0xF7BE, 0xFFDF, 0xFFDF, 0xFFFF, 0xFFFF, 0xFFFF, 0xFFFF, 0xFFFF,
    0xFFFF, 0xFFDF, 0xFFDF, 0xFFDF, 0xFFFF, 0xFFFF, 0xFFFF, 0xFFDF, 0xF7BE, 0xFFDF,
    0x52AA, 0x0000, 0x0020, 0x0000, 0x0000, 0x0000, 0x0020, 0x0841, 0x0020, 0xB5B6,
    0xFFFF, 0xFFFF, 0x4A49, 0x0000, 0x0000, 0x7BEF, 0xFFFF, 0xFFDF, 0xFFFF, 0xFFDF,
    0xFFFF, 0x7BEF, 0x0000, 0x0020, 0x0000, 0x0000, 0x0000, 0x0000, 0x0841, 0x0020,
    0x4A69, 0xFFDF, 0xFFDF, 0xAD75, 0x0000, 0x0000, 0x528A, 0xFFFF, 0xFFFF, 0xAD55,
    0x0000, 0x0000, 0x2104, 0xFFDF, 0xFFFF, 0xFFFF, 0xFFFF, 0xFFFF, 0xFFFF, 0xFFDF,
    0xFFFF, 0xD6BA, 0x0000, 0x0000, 0x0000, 0x0000, 0x0000, 0x0020, 0xDEDB, 0xFFDF,
    0xFFDF, 0xFFFF, 0xFFFF, 0xFFFF, 0xFFFF, 0xFFFF, 0xFFFF, 0xFFFF, 0xFFDF, 0xFFFF,
    0x4A69, 0x0020, 0x0020, 0xB5B6, 0xFFDF, 0xF7BE, 0xFFFF, 0xFFFF, 0xFFFF, 0xFFFF,
    0xFFFF, 0xFFFF, 0xFFFF, 0xC618, 0x2104, 0x2124, 0x18C3, 0x0000, 0x0000, 0x0841,
    0x2104, 0x2104, 0x2104, 0x2104, 0x2104, 0x18E3, 0x0000, 0x0000, 0x0000, 0x0000,
    0x0000, 0x0020, 0x2124, 0x2104, 0x4208, 0xFFFF, 0xFFFF, 0xFFFF, 0xFFFF, 0xFFFF,
    0xFFFF, 0x4228, 0x2104, 0x2124, 0xDEFB, 0xFFFF, 0xFFDF, 0x39E7, 0x2104, 0x2104,
    0x9CF3, 0xDEDB, 0xDEFB, 0x4228, 0x0000, 0x0000, 0x9CD3, 0xDEFB, 0xDEDB, 0xF7BE,
    0xFFFF, 0xFFFF, 0xE73C, 0xDEDB, 0xDEDB, 0xEF7D, 0xFFFF, 0xFFFF, 0x9492, 0x2104,
    0x2104, 0x8410, 0xDEFB, 0xDEFB, 0x6B4D, 0x0000, 0x0000, 0x39E7, 0xDEFB, 0xDEDB,
    0xA534, 0x2124, 0x2124, 0x5AEB, 0xDEDB, 0xDEDB, 0xE73C, 0xFFFF, 0xFFFF, 0xF79E,
    0xDEDB, 0xDEDB, 0xE71C, 0xFFFF, 0xFFFF, 0xFFFF, 0xFFFF, 0xFFFF, 0xFFFF, 0xFFFF,
    0xFFFF, 0xD6BA, 0x0000, 0x0000, 0x0000, 0x0000, 0x0000, 0x0000, 0x18E3, 0x2124,
    0x2124, 0xE73C, 0xFFFF, 0xFFFF, 0xFFFF, 0xFFFF, 0xFFFF, 0xFFFF, 0xFFFF, 0xFFFF,
    0xE73C, 0xDEDB, 0xDEDB, 0x52AA, 0x2104, 0x2104, 0xC618, 0xFFFF, 0xFFFF, 0xFFFF,
    0xFFFF, 0xFFFF, 0xFFFF, 0xBDD7, 0x0000, 0x0000, 0x0000, 0x0000, 0x0000, 0x0000,
    0x0000, 0x0000, 0x0000, 0x0000, 0x0000, 0x0000, 0x0000, 0x0000, 0x0000, 0x0000,
    0x0000, 0x0000, 0x0000, 0x0000, 0x18C3, 0xFFFF, 0xFFFF, 0xFFFF, 0xFFFF, 0xFFFF,
    0xFFFF, 0x2104, 0x0000, 0x0000, 0xDEDB, 0xFFFF, 0xFFDF, 0x18C3, 0x0000, 0x0000,
    0xAD75, 0xFFFF, 0xFFFF, 0x52AA, 0x0000, 0x0000, 0xB5B6, 0xFFFF, 0xFFFF, 0xFFFF,
    0xFFFF, 0xFFFF, 0xFFFF, 0xFFFF, 0xFFFF, 0xFFFF, 0xFFDF, 0xFFFF, 0x7BEF, 0x0000,
    0x0000, 0x8410, 0xFFFF, 0xFFFF, 0x7BEF, 0x0000, 0x0000, 0x4A49, 0xFFFF, 0xFFFF,
    0xBDD7, 0x0000, 0x0000, 0x4A49, 0xFFFF, 0xFFFF, 0xFFFF, 0xFFFF, 0xFFFF, 0xFFFF,
    0xFFFF, 0xFFFF, 0xFFFF, 0xFFFF, 0xFFFF, 0xFFFF, 0xFFFF, 0xFFFF, 0xFFFF, 0xFFFF,
    0xFFFF, 0xDEDB, 0x0000, 0x0000, 0x0000, 0x0000, 0x0000, 0x0000, 0x0000, 0x0000,
    0x0000, 0xE71C, 0xFFFF, 0xFFFF, 0xFFFF, 0xFFFF, 0xFFFF, 0xFFFF, 0xFFFF, 0xFFFF,
    0xFFFF, 0xFFFF, 0xFFFF, 0x4228, 0x0000, 0x0000, 0xBDD7, 0xFFFF, 0xFFFF, 0xFFFF,
    0xFFFF, 0xFFFF, 0xFFFF, 0xBDD7, 0x0000, 0x0020, 0x0000, 0x0020, 0x0020, 0x0020,
    0x0000, 0x0000, 0x0000, 0x0000, 0x0000, 0x0000, 0x0020, 0x0020, 0x0020, 0x0000,
    0x0000, 0x0000, 0x0841, 0x0020, 0x2124, 0xFFFF, 0xFFFF, 0xFFFF, 0xFFFF, 0xFFFF,
    0xFFFF, 0x2945, 0x0000, 0x0020, 0xDEDB, 0xFFFF, 0xF7BE, 0x2104, 0x0000, 0x0020,
    0xAD55, 0xFFFF, 0xFFFF, 0x528A, 0x0000, 0x0000, 0xAD75, 0xFFFF, 0xFFDF, 0xFFFF,
    0xFFFF, 0xFFFF, 0xFFFF, 0xFFDF, 0xFFDF, 0xFFFF, 0xFFDF, 0xFFFF, 0x8430, 0x0020,
    0x0020, 0x8410, 0xFFFF, 0xFFFF, 0x7BCF, 0x0000, 0x0000, 0x4A49, 0xFFFF, 0xFFFF,
    0xB596, 0x0020, 0x0020, 0x528A, 0xFFFF, 0xFFDF, 0xFFFF, 0xFFFF, 0xFFFF, 0xFFFF,
    0xFFDF, 0xFFDF, 0xFFDF, 0xFFDF, 0xFFDF, 0xFFDF, 0xFFDF, 0xFFDF, 0xFFDF, 0xFFDF,
    0xFFFF, 0xD69A, 0x0000, 0x0000, 0x0000, 0x0000, 0x0000, 0x0000, 0x0020, 0x0020,
    0x0841, 0xDEFB, 0xFFFF, 0xFFDF, 0xFFFF, 0xFFFF, 0xFFFF, 0xFFFF, 0xFFFF, 0xFFFF,
    0xFFDF, 0xF7BE, 0xFFDF, 0x4A49, 0x0000, 0x0000, 0xBDD7, 0xFFFF, 0xFFFF, 0xFFFF,
    0xFFFF, 0xFFFF, 0xFFFF, 0xBDD7, 0x0000, 0x0000, 0x39E7, 0xDEFB, 0xDEFB, 0x9CF3,
    0x0000, 0x0000, 0x0000, 0x0000, 0x0000, 0x18C3, 0xD6BA, 0xDEFB, 0xC638, 0x0020,
    0x0000, 0x18E3, 0xDEFB, 0xDEFB, 0xE71C, 0xFFFF, 0xFFFF, 0xFFFF, 0xFFFF, 0xFFFF,
    0xFFFF, 0x2124, 0x0000, 0x0000, 0x18C3, 0x2104, 0x18E3, 0x0020, 0x0000, 0x0000,
    0x0841, 0x10A2, 0x10A2, 0x0000, 0x0000, 0x0000, 0xAD75, 0xFFFF, 0xFFFF, 0x5ACB,
    0x10A2, 0x18C3, 0x10A2, 0x18C3, 0x10A2, 0x8430, 0xFFFF, 0xFFFF, 0x7BEF, 0x0000,
    0x0000, 0x7BEF, 0xFFFF, 0xFFFF, 0x73AE, 0x0000, 0x0000, 0x0000, 0x18C3, 0x10A2,
    0x528A, 0xDEFB, 0xDEFB, 0xA514, 0x10A2, 0x18C3, 0x10A2, 0x10A2, 0x10A2, 0x10A2,
    0x10A2, 0x18E3, 0x2104, 0x2104, 0x2104, 0x2104, 0x2104, 0x2104, 0x2104, 0x2104,
    0x2104, 0x18C3, 0x0000, 0x0000, 0x0000, 0x0000, 0x0000, 0x0000, 0xC618, 0xDEFB,
    0xDEDB, 0x31A6, 0x2104, 0x2124, 0xE73C, 0xFFFF, 0xFFFF, 0xFFFF, 0xFFFF, 0xFFFF,
    0x630C, 0x2104, 0x2124, 0x0841, 0x0000, 0x0000, 0xBDD7, 0xFFFF, 0xFFFF, 0xFFFF,
    0xFFFF, 0xFFFF, 0xFFFF, 0xBDD7, 0x0020, 0x0000, 0x4A69, 0xFFFF, 0xFFFF, 0xBDD7,
    0x0020, 0x0020, 0x0000, 0x0020, 0x0020, 0x18E3, 0xFFDF, 0xFFFF, 0xE73C, 0x0841,
    0x0020, 0x2124, 0xFFFF, 0xFFFF, 0xFFFF, 0xFFFF, 0xFFFF, 0xFFFF, 0xFFFF, 0xFFFF,
    0xFFFF, 0x2945, 0x0020, 0x0020, 0x0000, 0x0000, 0x0000, 0x0000, 0x0841, 0x3186,
    0x2945, 0x2945, 0x2945, 0x2965, 0x3186, 0x2965, 0xBDF7, 0xFFFF, 0xFFFF, 0x6B4D,
    0x2124, 0x2945, 0x2945, 0x2945, 0x2124, 0x8C71, 0xFFFF, 0xFFFF, 0x9CD3, 0x2965,
    0x2965, 0x9CD3, 0xFFFF, 0xFFFF, 0x94B2, 0x2965, 0x3186, 0x2965, 0x2945, 0x2124,
    0x6B4D, 0xFFFF, 0xFFFF, 0xC618, 0x2124, 0x2945, 0x2945, 0x2945, 0x2945, 0x2945,
    0x2945, 0x0000, 0x0000, 0x0000, 0x0000, 0x0000, 0x0000, 0x0000, 0x0000, 0x0000,
    0x0000, 0x0000, 0x0000, 0x0000, 0x0000, 0x0000, 0x0000, 0x0020, 0xE71C, 0xFFFF,
    0xFFFF, 0x18E3, 0x0000, 0x0020, 0xE71C, 0xFFDF, 0xFFDF, 0xFFFF, 0xFFDF, 0xFFDF,
    0x4228, 0x0000, 0x0000, 0x0000, 0x0000, 0x0000, 0xBDD7, 0xFFFF, 0xFFFF, 0xFFFF,
    0xFFFF, 0xFFFF, 0xFFFF, 0xB5B6, 0x0000, 0x0000, 0x4208, 0xFFFF, 0xFFFF, 0xBDD7,
    0x0000, 0x0000, 0x0000, 0x0000, 0x0000, 0x0861, 0xFFFF, 0xFFFF, 0xEF5D, 0x0000,
    0x0000, 0x10A2, 0xFFFF, 0xFFFF, 0xFFFF, 0xFFFF, 0xFFFF, 0xFFFF, 0xFFFF, 0xFFFF,
    0xFFFF, 0x18C3, 0x0000, 0x0000, 0x0000, 0x0000, 0x0000, 0x0000, 0x2104, 0xFFFF,
    0xFFFF, 0xFFFF, 0xFFFF, 0xFFFF, 0xFFFF, 0xFFFF, 0xFFFF, 0xFFFF, 0xFFFF, 0xFFFF,
    0xFFFF, 0xFFFF, 0xFFFF, 0xFFFF, 0xFFFF, 0xFFFF, 0xFFFF, 0xFFFF, 0xFFFF, 0xFFFF,
    0xFFFF, 0xFFFF, 0xFFFF, 0xFFFF, 0xFFFF, 0xFFFF, 0xFFFF, 0xFFFF, 0xFFFF, 0xFFFF,
    0xFFFF, 0xFFDF, 0xFFDF, 0xFFFF, 0xFFFF, 0xFFFF, 0xFFFF, 0xFFFF, 0xFFFF, 0xFFFF,
    0xFFFF, 0x3186, 0x0000, 0x0000, 0x0000, 0x0000, 0x0000, 0x0000, 0x0000, 0x0000,
    0x0000, 0x0000, 0x0000, 0x0000, 0x0000, 0x0000, 0x0000, 0x0020, 0xEF5D, 0xFFFF,
    0xFFFF, 0x10A2, 0x0000, 0x0000, 0xEF7D, 0xFFFF, 0xFFFF, 0xFFFF, 0xFFFF, 0xFFFF,
    0x528A, 0x0000, 0x0020, 0x0000, 0x0000, 0x0000, 0xBDD7, 0xFFFF, 0xFFFF, 0xFFFF,
    0xFFFF, 0xFFFF, 0xFFFF, 0xEF5D, 0xAD55, 0xAD55, 0x9492, 0x52AA, 0x52AA, 0x6B6D,
    0xAD55, 0xAD55, 0xAD75, 0xAD55, 0xAD55, 0xA514, 0x52AA, 0x52AA, 0x5AEB, 0xAD55,
    0xAD55, 0xA514, 0x52AA, 0x52AA, 0x52AA, 0x528A, 0x528A, 0x528A, 0x528A, 0x528A,
    0x528A, 0x9CF3, 0xAD55, 0xAD55, 0xAD75, 0xAD75, 0xAD75, 0xAD55, 0xBDD7, 0xFFFF,
    0xFFFF, 0xFFFF, 0xFFFF, 0xFFFF, 0xFFFF, 0xFFFF, 0xFFFF, 0xFFFF, 0xFFFF, 0xFFFF,
    0xFFFF, 0xFFFF, 0xFFFF, 0xFFFF, 0xFFFF, 0xFFFF, 0xFFFF, 0xFFFF, 0xFFFF, 0xFFFF,
    0xFFFF, 0xFFFF, 0xFFFF, 0xFFFF, 0xFFFF, 0xFFFF, 0xFFFF, 0xFFFF, 0xFFFF, 0xFFFF,
    0xFFFF, 0xFFFF, 0xFFFF, 0xFFFF, 0xFFFF, 0xFFFF, 0xFFFF, 0xFFFF, 0xFFFF, 0xFFFF,
    0xFFFF, 0x2945, 0x0861, 0xAD75, 0xAD75, 0xAD55, 0xAD55, 0xAD75, 0x9492, 0x0000,
    0x0000, 0x18C3, 0xAD75, 0xAD75, 0xAD55, 0x18C3, 0x0000, 0x0000, 0x4A49, 0x52AA,
    0x52AA, 0xA514, 0xAD55, 0xAD55, 0x5AEB, 0x52AA, 0x52AA, 0x528A, 0x528A, 0x52AA,
    0x18C3, 0x0000, 0x0000, 0x0000, 0x0000, 0x0000, 0xBDD7, 0xFFFF, 0xFFFF, 0xFFFF,
    0xFFFF, 0xFFFF, 0xFFFF, 0xFFFF, 0xFFFF, 0xFFFF, 0xBDF7, 0x0000, 0x0000, 0x4228,
    0xFFFF, 0xFFFF, 0xFFFF, 0xFFFF, 0xFFFF, 0xF79E, 0x0000, 0x0000, 0x1082, 0xFFFF,
    0xFFFF, 0xEF5D, 0x0000, 0x0000, 0x0000, 0x0000, 0x0000, 0x0000, 0x0000, 0x0000,
    0x0000, 0xE73C, 0xFFFF, 0xFFFF, 0xFFFF, 0xFFFF, 0xFFFF, 0xFFFF, 0xFFFF, 0xFFFF,
    0xFFFF, 0xFFFF, 0xEF9E, 0x9558, 0x7CD6, 0x84D6, 0x84D6, 0x84D6, 0x84D6, 0x84D6,
    0x84D6, 0x84D6, 0x84D6, 0x84D6, 0x84D6, 0x84D6, 0x84D6, 0x84D6, 0x84D6, 0x84D6,
    0x84D6, 0x84D6, 0x84D6, 0x84D6, 0x84D6, 0x84D6, 0x84D6, 0x84D6, 0x84D6, 0x84D6,
    0x84D6, 0x84D6, 0x84D6, 0x84D6, 0x84D6, 0x84D6, 0x8D37, 0xE75E, 0xFFFF, 0xFFFF,
    0xFFFF, 0x2945, 0x18C3, 0xFFFF, 0xFFFF, 0xFFFF, 0xFFFF, 0xFFFF, 0xEF5D, 0x0000,
    0x0000, 0x2945, 0xFFFF, 0xFFFF, 0xFFFF, 0x2945, 0x0000, 0x0020, 0x0000, 0x0000,
    0x0000, 0xEF7D, 0xFFFF, 0xFFFF, 0x0861, 0x0000, 0x0000, 0x0000, 0x0000, 0x0000,
    0x0000, 0x0000, 0x0000, 0x0000, 0x0000, 0x0000, 0xBDD7, 0xFFFF, 0xFFFF, 0xFFFF,
    0xFFFF, 0xFFFF, 0xFFFF, 0xFFFF, 0xFFFF, 0xFFFF, 0xBDF7, 0x0000, 0x0000, 0x4228,
    0xFFFF, 0xFFFF, 0xFFFF, 0xFFDF, 0xFFDF, 0xE71C, 0x0861, 0x0020, 0x2104, 0xF7BE,
    0xFFDF, 0xDEDB, 0x0000, 0x0000, 0x0000, 0x0000, 0x0020, 0x0020, 0x0000, 0x0000,
    0x0000, 0xD6BA, 0xFFDF, 0xFFDF, 0xFFDF, 0xFFDF, 0xFFDF, 0xFFFF, 0xFFFF, 0xFFFF,
    0xFFFF, 0xEF7E, 0x3AF1, 0x09CE, 0x09EE, 0x09CE, 0x09CE, 0x09CE, 0x09EE, 0x09EE,
    0x09EE, 0x09EE, 0x09EE, 0x09EE, 0x09EE, 0x09EE, 0x09EE, 0x09EE, 0x09EE, 0x09EE,
    0x09EE, 0x09EE, 0x09EE, 0x09EE, 0x09EE, 0x09EE, 0x09EE, 0x09EE, 0x09EE, 0x09EE,
    0x09EE, 0x09EE, 0x09EE, 0x09EE, 0x09EE, 0x11EE, 0x09EE, 0x2AB0, 0xDF1D, 0xFFFF,
    0xFFFF, 0x18C3, 0x0841, 0xFFDF, 0xFFDF, 0xFFDF, 0xFFDF, 0xFFDF, 0xD6BA, 0x0000,
    0x0000, 0x2945, 0xFFFF, 0xFFFF, 0xFFFF, 0x18C3, 0x0000, 0x0000, 0x0000, 0x0020,
    0x0841, 0xDEFB, 0xFFDF, 0xF7BE, 0x18E3, 0x0020, 0x0020, 0x0020, 0x0020, 0x0020,
    0x0000, 0x0000, 0x0000, 0x0000, 0x0000, 0x0000, 0xBDD7, 0xFFFF, 0xFFFF, 0xFFFF,
    0xFFFF, 0xFFFF, 0xFFFF, 0xD69A, 0x4A69, 0x528A, 0x6B4D, 0xAD75, 0xAD75, 0x9492,
    0x528A, 0x4A69, 0x630C, 0xF7BE, 0xFFFF, 0xE71C, 0x0841, 0x0000, 0x18E3, 0xFFDF,
    0xFFFF, 0xF7BE, 0xAD75, 0xAD75, 0x9CD3, 0x0000, 0x0000, 0x0000, 0x9492, 0xAD75,
    0xAD75, 0xF79E, 0xFFFF, 0xFFFF, 0xFFFF, 0xFFFF, 0xFFFF, 0x630C, 0x6B4D, 0xFFFF,
    0xFFFF, 0x9D98, 0x09CE, 0x226F, 0x224F, 0x224F, 0x1A4F, 0x1A4F, 0x2270, 0x2270,
    0x2270, 0x2270, 0x2270, 0x2270, 0x2270, 0x2270, 0x2270, 0x2270, 0x2270, 0x2270,
    0x2270, 0x2270, 0x2270, 0x2270, 0x2270, 0x2270, 0x2270, 0x2270, 0x2270, 0x2270,
    0x2270, 0x2270, 0x2270, 0x226F, 0x2270, 0x2270, 0x2270, 0x09EE, 0xB5FA, 0xFFFF,
    0xFFFF, 0xBDD7, 0xB5B6, 0xFFFF, 0xFFFF, 0xFFFF, 0xFFFF, 0xFFFF, 0xDEDB, 0x0000,
    0x0000, 0x0861, 0x528A, 0x528A, 0x528A, 0xA514, 0xAD75, 0xAD75, 0x10A2, 0x0000,
    0x0020, 0xE71C, 0xFFFF, 0xF7BE, 0x18E3, 0x0000, 0x0000, 0x0000, 0x0000, 0x0000,
    0x0000, 0x0000, 0x0000, 0x0000, 0x0000, 0x0000, 0xBDD7, 0xFFFF, 0xFFFF, 0xFFFF,
    0xFFFF, 0xFFFF, 0xFFFF, 0xB5B6, 0x0000, 0x0000, 0x4208, 0xFFFF, 0xFFFF, 0xBDD7,
    0x0000, 0x0000, 0x0841, 0xF79E, 0xFFFF, 0xE71C, 0x0841, 0x0000, 0x18E3, 0xF7BE,
    0xFFFF, 0xFFFF, 0xFFFF, 0xFFFF, 0xEF5D, 0x0000, 0x0000, 0x0000, 0xE71C, 0xFFFF,
    0xFFFF, 0xFFFF, 0xFFFF, 0xFFFF, 0xFFDF, 0xFFFF, 0xFFDF, 0x0841, 0x18C3, 0xFFFF,
    0xFFFF, 0x84F7, 0x09CE, 0x1A4F, 0x1A2F, 0x1A2F, 0x1A2F, 0x1A2F, 0x1A2F, 0x1A4F,
    0x1A4F, 0x1A4F, 0x1A4F, 0x1A4F, 0x1A4F, 0x1A4F, 0x1A4F, 0x1A4F, 0x1A4F, 0x1A4F,
    0x1A4F, 0x1A4F, 0x1A4F, 0x1A4F, 0x1A4F, 0x1A4F, 0x1A4F, 0x1A4F, 0x1A4F, 0x1A4F,
    0x1A4F, 0x1A4F, 0x1A4F, 0x1A50, 0x1A50, 0x1A4F, 0x224F, 0x120F, 0xB61A, 0xFFFF,
    0xFFFF, 0xFFFF, 0xFFFF, 0xFFFF, 0xFFFF, 0xFFFF, 0xFFDF, 0xFFFF, 0xDEDB, 0x0020,
    0x0000, 0x0000, 0x0000, 0x0000, 0x0000, 0xE73C, 0xFFFF, 0xFFFF, 0x2104, 0x0000,
    0x0020, 0xE71C, 0xFFFF, 0xF7BE, 0x18E3, 0x0000, 0x0000, 0x0000, 0x0000, 0x0000,
    0x0000, 0x0000, 0x0000, 0x0000, 0x0000, 0x0000, 0xBDD7, 0xFFFF, 0xFFFF, 0xFFFF,
    0xFFFF, 0xFFFF, 0xFFFF, 0xBDD7, 0x0000, 0x0020, 0x4A49, 0xFFDF, 0xFFDF, 0xB596,
    0x0020, 0x0000, 0x18E3, 0xFFFF, 0xFFFF, 0xF79E, 0x0841, 0x0000, 0x2104, 0xFFFF,
    0xFFFF, 0xFFFF, 0xFFFF, 0xFFFF, 0xE73C, 0x0000, 0x0000, 0x0000, 0xD69A, 0xFFDF,
    0xFFDF, 0xFFFF, 0xFFFF, 0xFFFF, 0xFFFF, 0xFFFF, 0xFFFF, 0x0861, 0x18E3, 0xFFFF,
    0xFFFF, 0x8CF7, 0x09AE, 0x1A2F, 0x1A2F, 0x1A2F, 0x1A2F, 0x1A2F, 0x1A4F, 0x1A4F,
    0x1A2F, 0x1A2F, 0x1A2F, 0x1A2F, 0x1A4F, 0x1A4F, 0x1A4F, 0x1A4F, 0x1A4F, 0x1A4F,
    0x1A4F, 0x1A4F, 0x1A4F, 0x1A4F, 0x1A4F, 0x1A4F, 0x1A4F, 0x1A4F, 0x1A4F, 0x1A4F,
    0x1A4F, 0x1A4F, 0x1A4F, 0x1A50, 0x1A50, 0x1A4F, 0x1A4F, 0x11EE, 0xB61A, 0xFFFF,
    0xFFFF, 0xFFFF, 0xFFFF, 0xFFFF, 0xFFFF, 0xFFFF, 0xFFFF, 0xFFFF, 0xE73C, 0x0000,
    0x0000, 0x0000, 0x0000, 0x0000, 0x0000, 0xE71C, 0xFFFF, 0xFFFF, 0x2104, 0x0000,
    0x0020, 0xE71C, 0xFFFF, 0xF7BE, 0x18E3, 0x0000, 0x0000, 0x0000, 0x0000, 0x0000,
    0x0000, 0x0000, 0x0000, 0x0000, 0x0000, 0x0000, 0xBDD7, 0xFFFF, 0xFFFF, 0xFFFF,
    0xFFFF, 0xFFFF, 0xFFFF, 0xBDD7, 0x0000, 0x0000, 0x4A49, 0xFFFF, 0xFFFF, 0xB5B6,
    0x0000, 0x0000, 0x0841, 0x4A49, 0x4A69, 0x4228, 0x0000, 0x0000, 0x0841, 0x4A69,
    0x4A69, 0x4A69, 0x4A69, 0x4A69, 0x4208, 0x0000, 0x0000, 0x0000, 0xD6BA, 0xFFFF,
    0xFFFF, 0xFFFF, 0xFFFF, 0xFFFF, 0x632C, 0x4A69, 0x528A, 0xA514, 0xBDF7, 0xFFFF,
    0xFFFF, 0x8CF7, 0x09AE, 0x1A2F, 0x1A0F, 0x1A2F, 0x1A2F, 0x1A2F, 0x1A2F, 0x1A2F,
    0x1A2F, 0x1A2F, 0x1A2F, 0x1A4F, 0x1A4F, 0x1A4F, 0x1A4F, 0x1A4F, 0x1A4F, 0x1A4F,
    0x1A4F, 0x1A4F, 0x1A4F, 0x1A4F, 0x1A4F, 0x1A4F, 0x1A4F, 0x1A4F, 0x1A4F, 0x1A4F,
    0x1A4F, 0x1A2F, 0x1A2F, 0x1A2F, 0x1A2F, 0x1A2F, 0x1A50, 0x11EE, 0xB61A, 0xFFFF,
    0xFFDF, 0xFFFF, 0xEF5D, 0x528A, 0x4A69, 0x4A69, 0x4A69, 0x4A69, 0x5AEB, 0xB596,
    0xB596, 0xB596, 0xB596, 0xB596, 0xB596, 0x5ACB, 0x4A69, 0x4A69, 0x0841, 0x0000,
    0x0020, 0xE71C, 0xFFFF, 0xF7BE, 0x18E3, 0x0000, 0x0841, 0x9CF3, 0xB596, 0xB596,
    0x31A6, 0x0000, 0x0000, 0x0000, 0x0000, 0x0000, 0xBDD7, 0xFFFF, 0xFFFF, 0xFFFF,
    0xFFFF, 0xFFFF, 0xFFFF, 0xBDD7, 0x0000, 0x0000, 0x4A49, 0xFFFF, 0xFFFF, 0xB596,
    0x0000, 0x0020, 0x0000, 0x0000, 0x0000, 0x0000, 0x0000, 0x0000, 0x0000, 0x0000,
    0x0000, 0x0000, 0x0000, 0x0000, 0x0000, 0x0000, 0x0000, 0x0000, 0xD6BA, 0xFFFF,
    0xFFFF, 0xFFFF, 0xFFFF, 0xFFFF, 0x10A2, 0x0000, 0x0000, 0xEF5D, 0xFFFF, 0xFFDF,
    0xFFFF, 0x8CF7, 0x09AE, 0x1A2F, 0x1A0F, 0x1A2F, 0x1A2F, 0x1A2F, 0x1A2F, 0x1A2F,
    0x1A2F, 0x1A2F, 0x1A2F, 0x1A2F, 0x1A2F, 0x1A4F, 0x1A4F, 0x1A4F, 0x1A4F, 0x1A4F,
    0x1A4F, 0x1A4F, 0x1A4F, 0x1A4F, 0x1A4F, 0x1A2F, 0x1A2F, 0x1A4F, 0x1A4F, 0x1A4F,
    0x1A4F, 0x1A2F, 0x1A2F, 0x1A2F, 0x1A2F, 0x1A2F, 0x1A4F, 0x11EE, 0xB61A, 0xFFFF,
    0xFFDF, 0xFFFF, 0xDEFB, 0x0000, 0x0000, 0x0000, 0x0000, 0x0000, 0x18E3, 0xFFFF,
    0xFFFF, 0xFFFF, 0xFFFF, 0xFFFF, 0xFFFF, 0x10A2, 0x0000, 0x0000, 0x0000, 0x0000,
    0x0841, 0xE71C, 0xFFFF, 0xF7BE, 0x2104, 0x0000, 0x0861, 0xF79E, 0xFFFF, 0xFFFF,
    0x528A, 0x0000, 0x0000, 0x0000, 0x0000, 0x0000, 0xBDD7, 0xFFFF, 0xFFFF, 0xFFFF,
    0xFFFF, 0xFFFF, 0xFFFF, 0xB5B6, 0x0000, 0x0000, 0x4208, 0xFFFF, 0xFFFF, 0xBDD7,
    0x0000, 0x0000, 0x0000, 0x0000, 0x0020, 0x0000, 0x0000, 0x0000, 0x0000, 0x0000,
    0x0000, 0x0000, 0x0000, 0x0000, 0x0000, 0x0000, 0x0000, 0x0000, 0xD6BA, 0xFFFF,
    0xFFFF, 0xFFFF, 0xFFFF, 0xFFFF, 0x2124, 0x0000, 0x0841, 0xE73C, 0xFFFF, 0xFFDF,
    0xFFFF, 0x8CF7, 0x09AE, 0x1A2F, 0x1A0F, 0x1A2F, 0x1A2F, 0x1A2F, 0x1A2F, 0x1A2F,
    0x1A2F, 0x1A2F, 0x1A2F, 0x1A2F, 0x1A2F, 0x1A2F, 0x1A2F, 0x1A4F, 0x1A4F, 0x1A2F,
    0x1A2F, 0x1A2F, 0x1A2F, 0x1A2F, 0x1A2F, 0x1A2F, 0x1A2F, 0x1A4F, 0x1A2F, 0x1A4F,
    0x1A4F, 0x1A50, 0x1A4F, 0x1A2F, 0x1A2F, 0x1A2F, 0x1A4F, 0x11EE, 0xB61A, 0xFFFF,
    0xFFDF, 0xFFFF, 0xDEFB, 0x0000, 0x0000, 0x0000, 0x0000, 0x0000, 0x18E3, 0xFFFF,
    0xFFFF, 0xFFFF, 0xFFFF, 0xFFFF, 0xFFFF, 0x2124, 0x0020, 0x0020, 0x0000, 0x0000,
    0x0000, 0xDEFB, 0xFFFF, 0xF7BE, 0x1082, 0x0000, 0x0000, 0xE71C, 0xFFFF, 0xFFFF,
    0x4A49, 0x0000, 0x0000, 0x0000, 0x0000, 0x0000, 0xBDD7, 0xFFFF, 0xFFFF, 0xFFFF,
    0xFFFF, 0xFFFF, 0xFFFF, 0xEF5D, 0xB596, 0xB596, 0x94B2, 0x4A69, 0x4A69, 0x6B4D,
    0xB596, 0xB5B6, 0xA514, 0x0841, 0x0000, 0x10A2, 0xAD75, 0xB5B6, 0x9CF3, 0x0020,
    0x0000, 0x10A2, 0xB596, 0xB5B6, 0x9CF3, 0x0000, 0x0000, 0x0000, 0xD6BA, 0xFFFF,
    0xFFFF, 0xFFFF, 0xFFFF, 0xFFFF, 0x2124, 0x0000, 0x0020, 0x4208, 0x6B6D, 0xFFFF,
    0xFFFF, 0x8CF7, 0x09AE, 0x1A2F, 0x1A2F, 0x1A2F, 0x1A2F, 0x1A2F, 0x1A2F, 0x1A2F,
    0x1A2F, 0x1A2F, 0x1A2F, 0x1A2F, 0x1A2F, 0x1A2F, 0x1A2F, 0x1A2F, 0x1A2F, 0x1A2F,
    0x1A2F, 0x1A2F, 0x1A2F, 0x1A2F, 0x1A2F, 0x1A2F, 0x1A2F, 0x1A2F, 0x1A2F, 0x1A2F,
    0x1A2F, 0x1A2F, 0x1A2F, 0x1A2F, 0x1A2F, 0x1A2F, 0x1A4F, 0x11EE, 0xB61A, 0xFFFF,
    0xFFFF, 0xFFFF, 0xF7BE, 0xB5B6, 0xB5B6, 0xB5B6, 0xB5B6, 0xB596, 0xA534, 0x4A49,
    0x4A49, 0x4A49, 0x4A49, 0x4A49, 0x4A49, 0x0841, 0x0000, 0x0000, 0x9CF3, 0xB5B6,
    0xB5B6, 0xF7BE, 0xFFFF, 0xFFFF, 0xBDF7, 0xB596, 0xB5B6, 0xF7BE, 0xFFFF, 0xFFFF,
    0x4A49, 0x0000, 0x0000, 0x0000, 0x0000, 0x0000, 0xBDD7, 0xFFFF, 0xFFFF, 0xFFFF,
    0xFFFF, 0xFFFF, 0xFFFF, 0xFFFF, 0xFFFF, 0xFFFF, 0xBDF7, 0x0000, 0x0000, 0x4228,
    0xFFFF, 0xFFFF, 0xF7BE, 0x0861, 0x0000, 0x2104, 0xFFFF, 0xFFFF, 0xEF7D, 0x0020,
    0x0000, 0x2104, 0xFFFF, 0xFFFF, 0xE73C, 0x0000, 0x0000, 0x0000, 0xD6BA, 0xFFFF,
    0xFFFF, 0xFFFF, 0xFFFF, 0xFFFF, 0x2124, 0x0000, 0x0020, 0x0000, 0x2104, 0xFFFF,
    0xFFFF, 0x8CF7, 0x09AE, 0x1A2F, 0x1A2F, 0x1A2F, 0x1A2F, 0x1A2F, 0x1A2F, 0x1A2F,
    0x1A2F, 0x1A2F, 0x1A2F, 0x1A2F, 0x1A2F, 0x1A2F, 0x1A2F, 0x1A2F, 0x1A2F, 0x1A2F,
    0x1A2F, 0x1A2F, 0x1A2F, 0x1A2F, 0x1A2F, 0x1A2F, 0x1A2F, 0x1A2F, 0x1A2F, 0x1A2F,
    0x1A2F, 0x1A2F, 0x1A2F, 0x1A2F, 0x1A2F, 0x1A2F, 0x1A4F, 0x09EE, 0xB61A, 0xFFFF,
    0xFFFF, 0xFFFF, 0xFFFF, 0xFFFF, 0xFFFF, 0xFFFF, 0xFFFF, 0xFFFF, 0xE73C, 0x0000,
    0x0000, 0x0000, 0x0000, 0x0000, 0x0000, 0x0000, 0x0000, 0x0020, 0xEF5D, 0xFFFF,
    0xFFFF, 0xFFFF, 0xFFFF, 0xFFFF, 0xFFFF, 0xFFFF, 0xFFFF, 0xFFFF, 0xFFFF, 0xFFFF,
    0x4A49, 0x0000, 0x0000, 0x0000, 0x0000, 0x0000, 0xBDD7, 0xFFFF, 0xFFFF, 0xFFFF,
    0xFFFF, 0xFFFF, 0xFFFF, 0xFFFF, 0xFFFF, 0xFFFF, 0xBDF7, 0x0000, 0x0000, 0x4208,
    0xFFFF, 0xFFFF, 0xE71C, 0x0000, 0x0000, 0x1082, 0xF79E, 0xFFFF, 0xDEFB, 0x0020,
    0x0000, 0x2104, 0xFFFF, 0xFFFF, 0xE73C, 0x0000, 0x0000, 0x0000, 0xD6BA, 0xFFFF,
    0xFFFF, 0xFFFF, 0xFFFF, 0xFFFF, 0x2124, 0x0000, 0x0020, 0x0000, 0x3186, 0xFFFF,
    0xFFFF, 0x8CF7, 0x09CE, 0x1A4F, 0x1A2F, 0x1A2F, 0x1A2F, 0x1A2F, 0x1A2F, 0x1A2F,
    0x1A2F, 0x1A2F, 0x1A2F, 0x1A2F, 0x1A2F, 0x1A2F, 0x1A2F, 0x1A2F, 0x1A2F, 0x1A2F,
    0x1A2F, 0x1A2F, 0x1A2F, 0x1A2F, 0x1A2F, 0x1A2F, 0x1A2F, 0x1A2F, 0x1A2F, 0x1A2F,
    0x1A2F, 0x1A2F, 0x1A2F, 0x1A2F, 0x1A2F, 0x1A2F, 0x1A4F, 0x09EE, 0xB61A, 0xFFFF,
    0xFFFF, 0xFFFF, 0xFFFF, 0xFFFF, 0xFFFF, 0xFFFF, 0xFFDF, 0xFFFF, 0xDEDB, 0x0020,
    0x0000, 0x0000, 0x0000, 0x0000, 0x0000, 0x0000, 0x0000, 0x0020, 0xE73C, 0xFFFF,
    0xFFFF, 0xFFFF, 0xFFFF, 0xFFFF, 0xFFFF, 0xFFFF, 0xFFFF, 0xFFFF, 0xFFFF, 0xFFFF,
    0x4A49, 0x0000, 0x0000, 0x0000, 0x0000, 0x0000, 0xBDD7, 0xFFFF, 0xFFFF, 0xFFFF,
    0xFFFF, 0xFFFF, 0xFFFF, 0xCE79, 0x4228, 0x4A49, 0x632C, 0xB5B6, 0xB5B6, 0xCE79,
    0xFFFF, 0xFFFF, 0xFFDF, 0xBDD7, 0xB5B6, 0xBDF7, 0xFFDF, 0xFFFF, 0xE71C, 0x0020,
    0x0000, 0x0841, 0x4228, 0x4A49, 0x39E7, 0x0000, 0x0000, 0x0000, 0xD6BA, 0xFFFF,
    0xFFFF, 0xFFFF, 0xFFFF, 0xFFFF, 0x2124, 0x0000, 0x0020, 0x0000, 0x2965, 0xFFFF,
    0xFFFF, 0x8CF7, 0x09CE, 0x1A4F, 0x1A2F, 0x1A2F, 0x1A2F, 0x1A2F, 0x1A2F, 0x1A2F,
    0x1A2F, 0x1A2F, 0x1A2F, 0x1A2F, 0x1A2F, 0x1A2F, 0x1A2F, 0x1A2F, 0x1A2F, 0x1A2F,
    0x1A2F, 0x1A2F, 0x1A2F, 0x1A2F, 0x1A2F, 0x1A2F, 0x1A2F, 0x1A2F, 0x1A2F, 0x1A2F,
    0x1A2F, 0x1A2F, 0x1A2F, 0x1A2F, 0x1A0F, 0x1A2F, 0x1A2F, 0x09CE, 0xB61A, 0xFFFF,
    0xFFDF, 0xFFFF, 0xE73C, 0x4A49, 0x4228, 0x630C, 0xFFFF, 0xFFFF, 0xDEDB, 0x0000,
    0x0000, 0x18E3, 0xBDD7, 0xBDD7, 0xB5B6, 0x18C3, 0x0000, 0x0000, 0x39E7, 0x4A49,
    0x4228, 0x4228, 0x4228, 0x4228, 0x4A49, 0x4228, 0x4A69, 0xEF7D, 0xFFFF, 0xFFFF,
    0x4A49, 0x0000, 0x0000, 0x0000, 0x0000, 0x0000, 0xBDD7, 0xFFFF, 0xFFFF, 0xFFFF,
    0xFFFF, 0xFFFF, 0xFFFF, 0xB5B6, 0x0000, 0x0000, 0x4208, 0xFFFF, 0xFFFF, 0xFFFF,
    0xFFDF, 0xFFDF, 0xFFFF, 0xFFFF, 0xFFFF, 0xFFFF, 0xFFDF, 0xFFDF, 0xDEFB, 0x0841,
    0x0020, 0x0000, 0x0000, 0x0000, 0x0000, 0x0020, 0x0020, 0x0020, 0xD6BA, 0xFFFF,
    0xFFFF, 0xFFDF, 0xFFDF, 0xFFDF, 0x2104, 0x0000, 0x0020, 0x0020, 0x3186, 0xFFFF,
    0xFFFF, 0x8CF7, 0x09AE, 0x1A2F, 0x1A0F, 0x1A0F, 0x1A2F, 0x1A2F, 0x1A2F, 0x1A2F,
    0x1A2F, 0x1A2F, 0x1A2F, 0x1A2F, 0x1A2F, 0x1A2F, 0x1A2F, 0x1A2F, 0x1A2F, 0x1A2F,
    0x1A2F, 0x1A2F, 0x1A2F, 0x1A2F, 0x1A2F, 0x1A2F, 0x1A2F, 0x1A2F, 0x1A2F, 0x1A2F,
    0x1A2F, 0x1A2F, 0x1A2F, 0x1A0F, 0x1A0F, 0x1A0F, 0x1A2F, 0x09CE, 0xB5FA, 0xFFFF,
    0xFFDF, 0xFFDF, 0xDEDB, 0x0000, 0x0000, 0x10A2, 0xF7BE, 0xFFDF, 0xD6BA, 0x0000,
    0x0000, 0x2945, 0xFFFF, 0xFFFF, 0xFFFF, 0x2124, 0x0000, 0x0000, 0x0000, 0x0000,
    0x0000, 0x0000, 0x0000, 0x0000, 0x0000, 0x0000, 0x0000, 0xE73C, 0xFFFF, 0xFFFF,
    0x4A69, 0x0020, 0x0020, 0x0020, 0x0020, 0x0020, 0xBDD7, 0xFFFF, 0xFFFF, 0xFFFF,
    0xFFFF, 0xFFFF, 0xFFFF, 0xBDD7, 0x0000, 0x0000, 0x4A49, 0xFFFF, 0xFFDF, 0xFFFF,
    0xFFFF, 0xFFFF, 0xFFFF, 0xFFFF, 0xFFFF, 0xFFFF, 0xFFFF, 0xFFFF, 0xEF7D, 0x0000,
    0x0000, 0x0000, 0x0000, 0x0000, 0x0000, 0x0000, 0x0000, 0x0000, 0xD69A, 0xFFFF,
    0xFFFF, 0xFFFF, 0xFFFF, 0xFFFF, 0x2124, 0x0000, 0x0020, 0x0000, 0x18E3, 0xFFFF,
    0xFFFF, 0x8CF7, 0x09AD, 0x1A2F, 0x120F, 0x120F, 0x1A0F, 0x1A2F, 0x1A2F, 0x1A2F,
    0x1A2F, 0x1A2F, 0x1A2F, 0x1A2F, 0x1A2F, 0x1A2F, 0x1A2F, 0x1A2F, 0x1A2F, 0x1A2F,
    0x1A2F, 0x1A2F, 0x1A2F, 0x1A2F, 0x1A2F, 0x1A2F, 0x1A2F, 0x1A2F, 0x1A2F, 0x1A2F,
    0x1A2F, 0x1A2F, 0x1A2F, 0x1A0F, 0x1A0F, 0x1A0F, 0x1A2F, 0x09CE, 0xB5FA, 0xFFFF,
    0xFFDF, 0xFFFF, 0xEF7D, 0x0841, 0x0000, 0x2945, 0xFFFF, 0xFFFF, 0xEF5D, 0x0000,
    0x0000, 0x2124, 0xFFFF, 0xFFFF, 0xFFDF, 0x2104, 0x0000, 0x0000, 0x0000, 0x0000,
    0x0000, 0x0000, 0x0000, 0x0000, 0x0000, 0x0000, 0x0000, 0xE71C, 0xFFFF, 0xFFFF,
    0x39E7, 0x0000, 0x0000, 0x0000, 0x0000, 0x0000, 0xB5B6, 0xFFFF, 0xFFFF, 0xFFFF,
    0xFFFF, 0xFFFF, 0xFFFF, 0xBDD7, 0x0000, 0x0000, 0x4A49, 0xFFFF, 0xFFFF, 0xDEDB,
    0x8410, 0x8410, 0x8C71, 0xFFDF, 0xFFFF, 0xF79E, 0x8430, 0x8430, 0x8410, 0x7BEF,
    0x7BEF, 0x7BEF, 0x7BEF, 0x7BEF, 0x7BEF, 0x7BEF, 0x7BEF, 0x7BEF, 0xEF5D, 0xFFFF,
    0xFFFF, 0x94B2, 0x8410, 0x8410, 0x1082, 0x0000, 0x0020, 0x6B4D, 0x94B2, 0xFFFF,
    0xFFFF, 0x84F7, 0x018D, 0x1A0F, 0x120F, 0x120F, 0x120E, 0x120F, 0x1A2F, 0x1A2F,
    0x1A2F, 0x1A2F, 0x1A2F, 0x1A2F, 0x1A2F, 0x1A0F, 0x1A2F, 0x1A2F, 0x1A2F, 0x1A2F,
    0x1A2F, 0x1A2F, 0x1A2F, 0x1A2F, 0x1A2F, 0x1A2F, 0x1A2F, 0x1A2F, 0x1A2F, 0x1A2F,
    0x1A2F, 0x1A2F, 0x1A0F, 0x1A0F, 0x1A0F, 0x1A0F, 0x1A2F, 0x09AE, 0xB5FA, 0xFFFF,
    0xFFFF, 0x9CD3, 0x738E, 0x0020, 0x0000, 0x1082, 0x8410, 0x8430, 0x6B6D, 0x0000,
    0x0000, 0x2945, 0xFFFF, 0xFFFF, 0xFFFF, 0x2104, 0x0000, 0x0000, 0x6B6D, 0x7BEF,
    0x7BCF, 0x7BEF, 0x7BEF, 0x7BEF, 0x7BEF, 0x7BEF, 0x8410, 0xF79E, 0xFFFF, 0xFFFF,
    0xA514, 0x7BCF, 0x7BEF, 0x7BEF, 0x7BEF, 0x7BCF, 0xDEDB, 0xFFFF, 0xFFFF, 0xFFFF,
    0xFFFF, 0xFFFF, 0xFFFF, 0xBDD7, 0x0000, 0x0000, 0x4228, 0xFFDF, 0xFFDF, 0xAD75,
    0x0000, 0x0000, 0x0861, 0xF79E, 0xFFFF, 0xE71C, 0x0000, 0x0000, 0x0861, 0xFFFF,
    0xFFFF, 0xFFFF, 0xFFFF, 0xFFFF, 0xFFFF, 0xFFFF, 0xFFFF, 0xFFFF, 0xFFFF, 0xFFFF,
    0xFFFF, 0x10A2, 0x0000, 0x0000, 0x0000, 0x0000, 0x0000, 0xEF5D, 0xFFFF, 0xFFDF,
    0xFFFF, 0x8CF7, 0x018D, 0x1A0F, 0x120F, 0x120F, 0x120E, 0x120F, 0x1A0F, 0x1A0F,
    0x1A2F, 0x1A2F, 0x1A2F, 0x1A2F, 0x1A2F, 0x1A2F, 0x1A2F, 0x1A2F, 0x1A2F, 0x1A2F,
    0x1A2F, 0x1A2F, 0x1A2F, 0x1A2F, 0x1A2F, 0x1A2F, 0x1A2F, 0x1A2F, 0x1A2F, 0x1A2F,
    0x1A2F, 0x1A0F, 0x1A0F, 0x1A0F, 0x1A0F, 0x1A0F, 0x1A2F, 0x09CE, 0xB5FA, 0xFFFF,
    0xFFFF, 0x18E3, 0x0000, 0x0020, 0x0020, 0x0000, 0x0000, 0x0000, 0x0000, 0x0000,
    0x0000, 0x2124, 0xFFDF, 0xFFDF, 0xFFDF, 0x2104, 0x0000, 0x0020, 0xEF7D, 0xFFFF,
    0xFFFF, 0xFFFF, 0xFFFF, 0xFFFF, 0xFFFF, 0xFFFF, 0xFFFF, 0xFFFF, 0xFFDF, 0xFFDF,
    0xFFFF, 0xFFFF, 0xFFFF, 0xFFFF, 0xFFFF, 0xFFFF, 0xFFFF, 0xFFFF, 0xFFFF, 0xFFFF,
    0xFFFF, 0xFFFF, 0xFFFF, 0xBDD7, 0x0000, 0x0000, 0x4A69, 0xFFFF, 0xFFFF, 0xBDF7,
    0x0000, 0x0000, 0x0861, 0xF7BE, 0xFFFF, 0xE71C, 0x0861, 0x0020, 0x2104, 0xFFFF,
    0xFFFF, 0xFFFF, 0xFFFF, 0xFFFF, 0xFFFF, 0xFFFF, 0xFFFF, 0xFFFF, 0xFFFF, 0xFFFF,
    0xFFFF, 0x2945, 0x0020, 0x0020, 0x0000, 0x0000, 0x0000, 0xEF5D, 0xFFFF, 0xFFDF,
    0xFFFF, 0x8CF7, 0x018D, 0x1A0F, 0x11EE, 0x11EF, 0x11EE, 0x120F, 0x11EE, 0x1A0F,
    0x1A0F, 0x1A0F, 0x1A0F, 0x1A0F, 0x1A2F, 0x1A0F, 0x1A2F, 0x1A2F, 0x1A2F, 0x1A2F,
    0x1A2F, 0x1A2F, 0x1A2F, 0x1A2F, 0x1A2F, 0x1A2F, 0x1A2F, 0x1A2F, 0x1A2F, 0x1A2F,
    0x1A2F, 0x1A0F, 0x1A0F, 0x1A0F, 0x1A0F, 0x1A0F, 0x1A2F, 0x09AE, 0xB5FA, 0xFFFF,
    0xFFFF, 0x3186, 0x0000, 0x0000, 0x0000, 0x0000, 0x0000, 0x0000, 0x0000, 0x0000,
    0x0000, 0x2945, 0xFFFF, 0xFFFF, 0xFFFF, 0x2124, 0x0000, 0x0020, 0xDEDB, 0xFFDF,
    0xFFDF, 0xFFFF, 0xFFFF, 0xFFFF, 0xFFFF, 0xFFDF, 0xFFFF, 0xFFFF, 0xFFFF, 0xFFFF,
    0xFFFF, 0xFFFF, 0xFFFF, 0xFFFF, 0xFFFF, 0xFFFF, 0xFFFF, 0xFFFF, 0xFFFF, 0xFFFF,
    0xFFFF, 0xFFFF, 0xFFFF, 0xBDD7, 0x0000, 0x0000, 0x2124, 0x8410, 0x8410, 0x7BEF,
    0x7BEF, 0x7BEF, 0x8C71, 0xFFDF, 0xFFFF, 0xE71C, 0x0841, 0x0000, 0x1082, 0x7BEF,
    0x8410, 0x7BEF, 0x7BEF, 0x7BEF, 0x7BEF, 0x7BEF, 0x7BEF, 0x7BEF, 0xEF5D, 0xFFFF,
    0xFFFF, 0x2124, 0x0000, 0x0000, 0x0000, 0x0000, 0x0000, 0x6B6D, 0x9CD3, 0xFFFF,
    0xFFFF, 0x8CF7, 0x098D, 0x1A0F, 0x11EE, 0x11EE, 0x11EE, 0x11EE, 0x11EE, 0x120F,
    0x120F, 0x1A0F, 0x1A0F, 0x1A0F, 0x1A0F, 0x120F, 0x1A2F, 0x1A2F, 0x1A2F, 0x1A2F,
    0x1A2F, 0x1A2F, 0x1A2F, 0x1A2F, 0x1A2F, 0x1A2F, 0x1A2F, 0x1A2F, 0x1A2F, 0x1A2F,
    0x1A0F, 0x1A0F, 0x1A0F, 0x120F, 0x120F, 0x1A0F, 0x1A2F, 0x09AE, 0xB5FA, 0xFFFF,
    0xFFFF, 0x2945, 0x0841, 0x8410, 0x8410, 0x7BEF, 0x7BEF, 0x8410, 0x6B6D, 0x0000,
    0x0000, 0x10A2, 0x7BEF, 0x8410, 0x7BEF, 0x1082, 0x0000, 0x0020, 0xDEFB, 0xFFFF,
    0xFFDF, 0x8C71, 0x7BEF, 0x8410, 0xF79E, 0xFFFF, 0xFFDF, 0x8C71, 0x7BEF, 0x8410,
    0x7BEF, 0x7BEF, 0x7BEF, 0x7BEF, 0x8410, 0x7BEF, 0xDEFB, 0xFFFF, 0xFFFF, 0xFFFF,
    0xFFFF, 0xFFFF, 0xFFFF, 0xBDD7, 0x0000, 0x0000, 0x0000, 0x0000, 0x0000, 0x4208,
    0xFFFF, 0xFFFF, 0xFFFF, 0xFFFF, 0xFFFF, 0xE73C, 0x0841, 0x0020, 0x0000, 0x0000,
    0x0000, 0x0000, 0x0000, 0x0000, 0x0000, 0x0000, 0x0000, 0x0000, 0xD69A, 0xFFFF,
    0xFFFF, 0x2945, 0x0020, 0x0020, 0x0000, 0x0000, 0x0000, 0x0000, 0x2104, 0xFFFF,
    0xFFFF, 0x8CF7, 0x098D, 0x1A0F, 0x11EE, 0x11EE, 0x11EE, 0x11CE, 0x11EE, 0x11EE,
    0x11EE, 0x11EE, 0x120F, 0x1A0F, 0x19EE, 0x1A0E, 0x1A0F, 0x120E, 0x120F, 0x1A0F,
    0x1A0F, 0x1A0F, 0x1A0F, 0x1A0F, 0x1A2F, 0x1A2F, 0x1A2F, 0x1A2F, 0x1A0F, 0x1A0F,
    0x1A0F, 0x1A0F, 0x1A0F, 0x1A0F, 0x1A0F, 0x1A0F, 0x1A2F, 0x09AE, 0xB5FA, 0xFFFF,
    0xFFFF, 0x2945, 0x18C3, 0xFFFF, 0xFFFF, 0xFFFF, 0xFFFF, 0xFFFF, 0xEF5D, 0x0020,
    0x0020, 0x0000, 0x0000, 0x0000, 0x0000, 0x0000, 0x0020, 0x0841, 0xDEDB, 0xFFDF,
    0xF7BE, 0x1082, 0x0000, 0x0000, 0xE71C, 0xFFFF, 0xF7BE, 0x0861, 0x0000, 0x0000,
    0x0000, 0x0000, 0x0000, 0x0000, 0x0000, 0x0000, 0xB5B6, 0xFFFF, 0xFFFF, 0xFFFF,
    0xFFFF, 0xFFFF, 0xFFFF, 0xBDD7, 0x0000, 0x0000, 0x0000, 0x0020, 0x0020, 0x4A69,
    0xFFDF, 0xFFDF, 0xFFDF, 0xFFFF, 0xFFFF, 0xE71C, 0x0000, 0x0000, 0x0000, 0x0020,
    0x0020, 0x0000, 0x0000, 0x0000, 0x0000, 0x0020, 0x0020, 0x0020, 0xD6BA, 0xFFFF,
    0xFFFF, 0x10A2, 0x0000, 0x0000, 0x0000, 0x0000, 0x0000, 0x0000, 0x2104, 0xFFFF,
    0xFFFF, 0x8CF7, 0x098D, 0x1A0F, 0x11EE, 0x11EE, 0x11EE, 0x11EE, 0x11EE, 0x11EE,
    0x11EE, 0x11EE, 0x11EE, 0x11EE, 0x11EF, 0x09AE, 0x09AD, 0x11CE, 0x19EF, 0x19EE,
    0x1A0E, 0x1A0E, 0x1A0E, 0x11EF, 0x120E, 0x1A2F, 0x1A2F, 0x1A2F, 0x1A0F, 0x1A0F,
    0x1A0F, 0x1A2F, 0x1A0F, 0x1A0F, 0x1A0F, 0x1A0F, 0x1A0F, 0x09AE, 0xB5FA, 0xFFFF,
    0xFFFF, 0x10A2, 0x0020, 0xFFFF, 0xFFFF, 0xFFFF, 0xFFDF, 0xFFDF, 0xD6BA, 0x0000,
    0x0000, 0x0000, 0x0000, 0x0000, 0x0000, 0x0000, 0x0000, 0x0000, 0xEF7D, 0xFFFF,
    0xFFFF, 0x10A2, 0x0000, 0x0000, 0xE71C, 0xFFFF, 0xF7BE, 0x0861, 0x0000, 0x0000,
    0x0000, 0x0020, 0x0020, 0x0020, 0x0020, 0x0020, 0xBDD7, 0xFFFF, 0xFFFF, 0xFFFF,
    0xFFFF, 0xFFFF, 0xFFFF, 0xBDD7, 0x0000, 0x0000, 0x0000, 0x0000, 0x0000, 0x4A49,
    0xFFFF, 0xFFFF, 0xFFFF, 0xFFFF, 0xFFFF, 0xF79E, 0x8430, 0x8410, 0x73AE, 0x0020,
    0x0000, 0x1082, 0x8410, 0x8410, 0x738E, 0x0000, 0x0000, 0x0000, 0xD6BA, 0xFFFF,
    0xFFFF, 0x94B2, 0x8410, 0x8410, 0x1082, 0x0000, 0x0020, 0x738E, 0x9CD3, 0xFFFF,
    0xFFFF, 0x84D7, 0x016D, 0x1A0F, 0x11EE, 0x11EE, 0x11EE, 0x11CE, 0x11CE, 0x11CE,
    0x11EE, 0x11CE, 0x11CE, 0x11CF, 0x1A0E, 0x4310, 0x4311, 0x19EE, 0x09AD, 0x120F,
    0x11EE, 0x11EE, 0x11EE, 0x11CE, 0x11EE, 0x19EE, 0x1A0F, 0x1A0F, 0x1A0F, 0x1A0E,
    0x1A2F, 0x1A2F, 0x1A0F, 0x1A0F, 0x1A0F, 0x1A0F, 0x1A0F, 0x09AE, 0xB5FA, 0xFFFF,
    0xFFFF, 0x94B2, 0x7BEF, 0x7BEF, 0x7BEF, 0x8C71, 0xFFFF, 0xFFFF, 0xEF7D, 0x8410,
    0x8410, 0x8410, 0x8410, 0x8410, 0x8410, 0x8410, 0x8410, 0x8410, 0x7BEF, 0x7BEF,
    0x7BEF, 0x8410, 0x8410, 0x8430, 0xF79E, 0xFFFF, 0xFFDF, 0x8C71, 0x8410, 0x8430,
    0x2124, 0x0000, 0x0000, 0x0000, 0x0000, 0x0000, 0xBDD7, 0xFFFF, 0xFFFF, 0xFFFF,
    0xFFFF, 0xFFFF, 0xFFFF, 0xBDD7, 0x0000, 0x0000, 0x0000, 0x0020, 0x0020, 0x4A69,
    0xFFFF, 0xFFFF, 0xFFFF, 0xFFFF, 0xFFFF, 0xFFFF, 0xFFFF, 0xFFFF, 0xEF7D, 0x0020,
    0x0000, 0x2104, 0xFFFF, 0xFFFF, 0xEF5D, 0x0000, 0x0000, 0x0000, 0xD6BA, 0xFFFF,
    0xFFFF, 0xFFFF, 0xFFFF, 0xFFFF, 0x2945, 0x0020, 0x0841, 0xEF7D, 0xFFFF, 0xFFDF,
    0xFFFF, 0x84D7, 0x016D, 0x19EE, 0x11EE, 0x11EE, 0x11EE, 0x11EE, 0x11CE, 0x11CE,
    0x11EE, 0x11CE, 0x11EE, 0x098D, 0x4B10, 0xFFFE, 0xFFFD, 0xC6BA, 0x42F0, 0x096D,
    0x19EF, 0x11CE, 0x11CE, 0x11CE, 0x11CE, 0x11EE, 0x11EE, 0x11EE, 0x11EE, 0x1A0E,
    0x1A2F, 0x1A2F, 0x1A0F, 0x120F, 0x1A0F, 0x1A0F, 0x1A2F, 0x09CE, 0xB5FA, 0xFFFF,
    0xFFDF, 0xFFFF, 0xEF7D, 0x0000, 0x0000, 0x10A2, 0xFFFF, 0xFFFF, 0xFFFF, 0xFFFF,
    0xFFFF, 0xFFFF, 0xFFFF, 0xFFFF, 0xFFFF, 0xFFFF, 0xFFFF, 0xFFFF, 0x10A2, 0x0000,
    0x0000, 0xF79E, 0xFFFF, 0xFFFF, 0xFFFF, 0xFFFF, 0xFFFF, 0xFFFF, 0xFFFF, 0xFFFF,
    0x528A, 0x0000, 0x0000, 0x0000, 0x0020, 0x0020, 0xBDD7, 0xFFFF, 0xFFFF, 0xFFFF,
    0xFFFF, 0xFFFF, 0xFFFF, 0xBDD7, 0x0000, 0x0000, 0x0000, 0x0000, 0x0000, 0x39E7,
    0xFFFF, 0xFFFF, 0xFFFF, 0xFFFF, 0xFFFF, 0xFFFF, 0xFFFF, 0xFFFF, 0xEF7D, 0x0020,
    0x0000, 0x2104, 0xFFFF, 0xFFFF, 0xEF5D, 0x0000, 0x0000, 0x0000, 0xD6BA, 0xFFFF,
    0xFFFF, 0xFFDF, 0xFFDF, 0xFFDF, 0x1082, 0x0000, 0x0000, 0xDEDB, 0xFFDF, 0xFFDF,
    0xFFFF, 0x84D7, 0x016D, 0x19EE, 0x11EE, 0x11EE, 0x11CE, 0x11EE, 0x11CE, 0x11CE,
    0x11CE, 0x11ED, 0x120F, 0x098C, 0xADD8, 0xFFFE, 0xFF9C, 0xFFFE, 0xE75C, 0x7C94,
    0x19ED, 0x11CE, 0x11CF, 0x11EE, 0x11EE, 0x11EE, 0x11EE, 0x11EE, 0x11EE, 0x1A0F,
    0x1A0F, 0x1A0F, 0x1A0F, 0x1A0F, 0x1A0F, 0x1A0F, 0x1A0F, 0x09AE, 0xB5FA, 0xFFFF,
    0xFFDF, 0xFFDF, 0xDEDB, 0x0841, 0x0020, 0x2945, 0xFFFF, 0xFFFF, 0xFFFF, 0xFFDF,
    0xFFDF, 0xFFFF, 0xFFFF, 0xFFFF, 0xFFFF, 0xFFFF, 0xFFFF, 0xFFFF, 0x10A2, 0x0000,
    0x0000, 0xDEDB, 0xFFDF, 0xFFDF, 0xFFFF, 0xFFFF, 0xFFFF, 0xFFDF, 0xFFDF, 0xFFDF,
    0x4A49, 0x0000, 0x0000, 0x0000, 0x0000, 0x0000, 0xB5B6, 0xFFFF, 0xFFFF, 0xFFFF,
    0xFFFF, 0xFFFF, 0xFFFF, 0xBDD7, 0x0000, 0x0000, 0x2124, 0x8C51, 0x8410, 0xAD55,
    0xFFFF, 0xFFFF, 0xFFFF, 0xFFFF, 0xFFFF, 0xF79E, 0x7BEF, 0x7BCF, 0x6B4D, 0x0000,
    0x0000, 0x1082, 0x73AE, 0x7BCF, 0x6B4D, 0x0000, 0x0000, 0x0000, 0xD6BA, 0xFFFF,
    0xFFFF, 0xFFFF, 0xFFFF, 0xFFFF, 0x94B2, 0x8430, 0x8C51, 0xEF7D, 0xFFFF, 0xFFDF,
    0xFFFF, 0x84D6, 0x016D, 0x11EE, 0x11CE, 0x11CE, 0x11CE, 0x11EE, 0x11EE, 0x11EE,
    0x11CE, 0x11EF, 0x09AD, 0x42F0, 0xEF7C, 0xFFDC, 0xFFBC, 0xFFBD, 0xFFDD, 0xF7BD,
    0x5BB2, 0x09AD, 0x19CF, 0x11EE, 0x11EE, 0x11EE, 0x11EE, 0x11EE, 0x11EE, 0x120E,
    0x1A0F, 0x1A0F, 0x1A0F, 0x1A0F, 0x1A0F, 0x1A0F, 0x1A0F, 0x09AE, 0xB5FA, 0xFFFF,
    0xFFDF, 0xFFFF, 0xDEFB, 0x0020, 0x0000, 0x2124, 0xFFFF, 0xFFFF, 0xFFFF, 0xFFFF,
    0xFFFF, 0xEF5D, 0x7BCF, 0x7BCF, 0x7BCF, 0x7BCF, 0x7BCF, 0x7BCF, 0x8430, 0x8430,
    0x8C51, 0xF79E, 0xFFFF, 0xFFFF, 0xFFFF, 0xFFFF, 0xFFFF, 0xFFFF, 0xFFFF, 0xFFFF,
    0x4A49, 0x0000, 0x0000, 0x630C, 0x8430, 0x8410, 0xDEFB, 0xFFFF, 0xFFFF, 0xFFFF,
    0xFFFF, 0xFFFF, 0xFFFF, 0xBDD7, 0x0000, 0x0000, 0x4A69, 0xFFFF, 0xFFFF, 0xFFFF,
    0xFFFF, 0xFFFF, 0xFFFF, 0xFFFF, 0xFFFF, 0xE71C, 0x0000, 0x0000, 0x0000, 0x0000,
    0x0000, 0x0000, 0x0000, 0x0000, 0x0000, 0x0000, 0x0000, 0x0000, 0xD69A, 0xFFFF,
    0xFFDF, 0xFFFF, 0xFFFF, 0xFFFF, 0xFFFF, 0xFFFF, 0xFFFF, 0xFFFF, 0xFFFF, 0xFFFF,
    0xFFFF, 0x84D6, 0x016D, 0x11EE, 0x11CE, 0x11CE, 0x11CE, 0x11EE, 0x11EE, 0x11EE,
    0x11EE, 0x11CE, 0x5BB2, 0xD6BA, 0xF7BD, 0xFFBD, 0xFFDD, 0xFFDD, 0xF77C, 0xE71C,
    0x6414, 0x09CE, 0x19EF, 0x120F, 0x120E, 0x11EE, 0x11EE, 0x11EE, 0x11EE, 0x11EE,
    0x1A0F, 0x1A0F, 0x1A0F, 0x1A2F, 0x1A2F, 0x1A2F, 0x1A2F, 0x11CF, 0xB61A, 0xFFFF,
    0xFFDF, 0xFFFF, 0xDEDB, 0x0020, 0x0000, 0x2124, 0xFFFF, 0xFFFF, 0xFFFF, 0xFFDF,
    0xFFFF, 0xD69A, 0x0000, 0x0000, 0x0000, 0x0000, 0x0000, 0x0000, 0xEF5D, 0xFFFF,
    0xFFFF, 0xFFFF, 0xFFFF, 0xFFFF, 0xFFFF, 0xFFFF, 0xFFFF, 0xFFFF, 0xFFFF, 0xFFFF,
    0x4A69, 0x0000, 0x0000, 0xC638, 0xFFFF, 0xFFFF, 0xFFFF, 0xFFFF, 0xFFFF, 0xFFFF,
    0xFFFF, 0xFFFF, 0xFFFF, 0xB5B6, 0x0000, 0x0000, 0x4208, 0xFFFF, 0xFFFF, 0xFFFF,
    0xFFFF, 0xFFFF, 0xFFFF, 0xFFFF, 0xFFFF, 0xE73C, 0x0841, 0x0020, 0x0020, 0x0000,
    0x0000, 0x0000, 0x0000, 0x0000, 0x0000, 0x0000, 0x0000, 0x0000, 0xE71C, 0xFFFF,
    0xFFFF, 0xFFFF, 0xFFFF, 0xFFFF, 0xFFFF, 0xFFDF, 0xFFDF, 0xFFFF, 0xFFFF, 0xFFFF,
    0xFFFF, 0x84D6, 0x016D, 0x11EE, 0x11CE, 0x11CE, 0x11CE, 0x11CE, 0x11CE, 0x11EE,
    0x09AE, 0x328E, 0xDF1B, 0xFFBD, 0xFFDD, 0xFFFE, 0xE73B, 0xF7BD, 0xD6FB, 0x94F6,
    0x5372, 0x1A0F, 0x11CE, 0x11EF, 0x120F, 0x120E, 0x120F, 0x120F, 0x120E, 0x120E,
    0x1A0F, 0x1A2F, 0x11EF, 0x09CE, 0x09AE, 0x09AD, 0x09AE, 0x014D, 0xADD9, 0xFFFF,
    0xFFDF, 0xFFFF, 0xEF5D, 0x0020, 0x0000, 0x2124, 0xFFFF, 0xFFFF, 0xFFFF, 0xFFFF,
    0xFFFF, 0xE71C, 0x0000, 0x0000, 0x0000, 0x0000, 0x0000, 0x0000, 0xE73C, 0xFFFF,
    0xFFFF, 0xFFFF, 0xFFFF, 0xFFFF, 0xFFFF, 0xFFFF, 0xFFFF, 0xFFFF, 0xFFFF, 0xFFFF,
    0x4208, 0x0000, 0x0000, 0xB596, 0xFFDF, 0xFFDF, 0xFFFF, 0xFFFF, 0xFFFF, 0xFFFF,
    0xFFFF, 0xFFFF, 0xFFFF, 0xCE79, 0x4A49, 0x4A49, 0x6B4D, 0xB5B6, 0xB596, 0xB5B6,
    0xB5B6, 0xB5B6, 0xBDF7, 0xFFDF, 0xFFFF, 0xE73C, 0x0020, 0x0000, 0x0000, 0x0000,
    0x0000, 0x0841, 0x4A49, 0x4A49, 0x4208, 0x0000, 0x0000, 0x0000, 0x94B2, 0xB5B6,
    0xB596, 0xB5B6, 0xB5B6, 0xB5B6, 0xF7BE, 0xFFFF, 0xFFFF, 0xFFFF, 0xFFFF, 0xFFFF,
    0xFFFF, 0x84D6, 0x016D, 0x19EE, 0x11CE, 0x11CE, 0x11CE, 0x11CE, 0x11CE, 0x11EE,
    0x098D, 0x8CF5, 0xF79D, 0xDEFC, 0xEF7C, 0xC67A, 0x9556, 0xBE19, 0xA557, 0x84B6,
    0x7496, 0x4332, 0x222E, 0x224F, 0x11EE, 0x11EE, 0x120F, 0x120E, 0x1A0E, 0x1A0F,
    0x11EE, 0x09AE, 0x2270, 0x63F4, 0x9558, 0x9538, 0x9558, 0x8D17, 0xD6FC, 0xFFFF,
    0xFFFF, 0xC618, 0xA514, 0x0020, 0x0000, 0x2124, 0xFFFF, 0xFFFF, 0xF79E, 0xB5B6,
    0xB5B6, 0xA534, 0x4A49, 0x4A49, 0x4A49, 0x4A49, 0x4A49, 0x4A69, 0xA534, 0xB5B6,
    0xB5B6, 0xB5B6, 0xB5B6, 0xB5B6, 0xF7BE, 0xFFFF, 0xFFFF, 0xFFFF, 0xFFFF, 0xFFFF,
    0x8410, 0x4A49, 0x4A49, 0xCE79, 0xFFFF, 0xFFFF, 0xFFFF, 0xFFFF, 0xFFFF, 0xFFFF,
    0xFFFF, 0xFFFF, 0xFFFF, 0xFFFF, 0xFFFF, 0xFFFF, 0xBDF7, 0x0000, 0x0000, 0x0000,
    0x0000, 0x0000, 0x0861, 0xF79E, 0xFFFF, 0xE71C, 0x0020, 0x0000, 0x0000, 0x0020,
    0x0000, 0x2124, 0xFFFF, 0xFFFF, 0xE73C, 0x0020, 0x0000, 0x0020, 0x0000, 0x0000,
    0x0000, 0x0000, 0x0000, 0x0000, 0xDEDB, 0xFFFF, 0xFFFF, 0xFFFF, 0xFFFF, 0xFFFF,
    0xFFFF, 0x84D6, 0x016D, 0x19EE, 0x11CE, 0x11CE, 0x11CE, 0x11CE, 0x11EE, 0x11EE,
    0x11CD, 0x7CB6, 0x7C96, 0x2A8F, 0x4B32, 0x42D0, 0x3AAF, 0x7455, 0x7C75, 0x63F4,
    0x4B93, 0x3B11, 0x3311, 0x32B1, 0x1A0F, 0x1A0F, 0x120F, 0x1A0F, 0x1A2F, 0x09AD,
    0x2A70, 0x9D58, 0xEF7E, 0xFFFF, 0xFFFF, 0xFFFF, 0xFFFF, 0xFFFF, 0xFFFF, 0xFFFF,
    0xFFFF, 0x3186, 0x0000, 0x0841, 0x0000, 0x2124, 0xFFDF, 0xFFFF, 0xD6BA, 0x0000,
    0x0000, 0x2104, 0xFFFF, 0xFFFF, 0xFFFF, 0xFFFF, 0xFFFF, 0xFFFF, 0x18C3, 0x0000,
    0x0000, 0x0000, 0x0000, 0x0000, 0xE71C, 0xFFFF, 0xFFFF, 0xFFFF, 0xFFFF, 0xFFFF,
    0xFFFF, 0xFFFF, 0xFFFF, 0xFFFF, 0xFFFF, 0xFFFF, 0xFFFF, 0xFFFF, 0xFFFF, 0xFFFF,
    0xFFFF, 0xFFFF, 0xFFFF, 0xFFFF, 0xFFDF, 0xFFFF, 0xB596, 0x0000, 0x0000, 0x0000,
    0x0020, 0x0000, 0x18E3, 0xFFFF, 0xFFFF, 0xF79E, 0x0020, 0x0000, 0x0000, 0x0000,
    0x0000, 0x10A2, 0xFFFF, 0xFFFF, 0xE73C, 0x0000, 0x0000, 0x0000, 0x0000, 0x0000,
    0x0000, 0x0000, 0x0000, 0x0000, 0xDEDB, 0xFFFF, 0xFFFF, 0xFFFF, 0xFFFF, 0xFFFF,
    0xFFFF, 0x84D7, 0x016D, 0x19EE, 0x11CE, 0x11CE, 0x11CE, 0x11EE, 0x11EE, 0x11EE,
    0x11EE, 0x19EE, 0x1A0F, 0x11EE, 0x11CE, 0x118C, 0x094A, 0x224F, 0x2A4F, 0x1A2F,
    0x120E, 0x120E, 0x11EE, 0x11EE, 0x120F, 0x11EE, 0x19EE, 0x19EF, 0x098D, 0x53B3,
    0xE75E, 0xFFFF, 0xFFFF, 0xFFFF, 0xFFFF, 0xE7BE, 0xE7BE, 0xFFFF, 0xFFFF, 0xFFFF,
    0xFFFF, 0xE73C, 0x4A49, 0x0000, 0x0000, 0x18C3, 0xFFFF, 0xFFFF, 0xE73C, 0x0000,
    0x0000, 0x18E3, 0xFFFF, 0xFFFF, 0xFFFF, 0xFFFF, 0xFFFF, 0xFFFF, 0x18C3, 0x0000,
    0x0000, 0x0000, 0x0000, 0x0000, 0xE71C, 0xFFFF, 0xFFFF, 0xFFFF, 0xFFFF, 0xFFFF,
    0xFFFF, 0xFFFF, 0xFFFF, 0xFFFF, 0xFFFF, 0xFFFF, 0xFFFF, 0xFFFF, 0xFFFF, 0xFFFF,
    0xFFFF, 0xFFFF, 0xFFFF, 0xFFFF, 0xFFFF, 0xFFFF, 0xCE79, 0x4A49, 0x528A, 0x31A6,
    0x0000, 0x0000, 0x1082, 0xAD55, 0xB596, 0x9CF3, 0x0020, 0x0000, 0x0841, 0x4A69,
    0x4A69, 0x5ACB, 0xAD75, 0xB596, 0xA534, 0x4A69, 0x4A69, 0x4A69, 0x4A69, 0x4A69,
    0x4A69, 0x4A69, 0x4A69, 0x4A69, 0xE73C, 0xFFFF, 0xFFFF, 0xFFFF, 0xFFFF, 0xFFFF,
    0xFFFF, 0x84D7, 0x016D, 0x1A0F, 0x11EE, 0x11EE, 0x11EE, 0x11EE, 0x11EE, 0x11EE,
    0x11EE, 0x11EE, 0x120E, 0x120F, 0x1A0F, 0x11ED, 0x1A0E, 0x120F, 0x11EF, 0x120F,
    0x120E, 0x120F, 0x11EE, 0x19EE, 0x19EE, 0x198B, 0x1949, 0x1948, 0x6350, 0xFFFF,
    0xFFFF, 0xFFFF, 0xDFBC, 0x7EF5, 0x3E70, 0x162D, 0x162D, 0x3E70, 0x7EF5, 0xD7BC,
    0xFFFF, 0xFFFF, 0xFFDF, 0x6B6D, 0x4A69, 0x5AEB, 0xB596, 0xB596, 0xA514, 0x4A69,
    0x4A69, 0x5AEB, 0xB596, 0xB596, 0xB596, 0xB596, 0xB596, 0xB596, 0x5ACB, 0x4A69,
    0x4A69, 0x4A69, 0x4A69, 0x528A, 0xEF5D, 0xFFFF, 0xFFDF, 0xBDD7, 0xB596, 0xB596,
    0xEF5D, 0xFFFF, 0xFFFF, 0xFFFF, 0xFFFF, 0xFFFF, 0xFFFF, 0xFFFF, 0xFFFF, 0xFFFF,
    0xFFFF, 0xFFFF, 0xFFFF, 0xFFFF, 0xFFFF, 0xFFDF, 0xFFFF, 0xFFFF, 0xFFFF, 0xC618,
    0x0000, 0x0020, 0x0000, 0x0000, 0x0000, 0x0000, 0x0020, 0x0020, 0x2104, 0xFFFF,
    0xFFFF, 0xE73C, 0x0000, 0x0000, 0x18E3, 0xFFFF, 0xFFFF, 0xFFFF, 0xFFFF, 0xFFFF,
    0xFFFF, 0xFFFF, 0xFFFF, 0xFFFF, 0xFFFF, 0xFFDF, 0xFFFF, 0xFFDF, 0xFFFF, 0xFFFF,
    0xFFFF, 0x84D6, 0x016D, 0x11EE, 0x11CE, 0x11CE, 0x11CE, 0x11CE, 0x11CE, 0x11CE,
    0x11EE, 0x120E, 0x120E, 0x19EF, 0x11EE, 0x3AD0, 0x2A6F, 0x120F, 0x1A0F, 0x120F,
    0x120F, 0x11EF, 0x19EE, 0x1A0E, 0x09AD, 0x220E, 0x6BF2, 0xE71C, 0xFFFF, 0xFFFF,
    0xFFFF, 0x9737, 0x0E0C, 0x05EA, 0x05EB, 0x060B, 0x060B, 0x05EB, 0x05EA, 0x0E0C,
    0x8715, 0xF7DE, 0xFFFF, 0xFFFF, 0xFFFF, 0xE73C, 0x0000, 0x0000, 0x18E3, 0xFFFF,
    0xFFFF, 0xE71C, 0x0000, 0x0000, 0x0000, 0x0000, 0x0000, 0x0000, 0xEF5D, 0xFFFF,
    0xFFFF, 0xFFFF, 0xFFFF, 0xFFFF, 0xFFFF, 0xFFDF, 0xF79E, 0x0861, 0x0000, 0x0000,
    0xB596, 0xFFFF, 0xFFFF, 0xFFFF, 0xFFFF, 0xFFFF, 0xFFFF, 0xFFFF, 0xFFFF, 0xFFFF,
    0xFFFF, 0xFFFF, 0xFFFF, 0xFFFF, 0xFFFF, 0xFFFF, 0xFFFF, 0xFFDF, 0xFFFF, 0xAD75,
    0x0000, 0x0000, 0x0000, 0x0000, 0x0000, 0x0000, 0x0000, 0x0000, 0x1082, 0xFFFF,
    0xFFFF, 0xE73C, 0x0000, 0x0000, 0x18C3, 0xFFDF, 0xFFFF, 0xFFDF, 0xFFFF, 0xFFFF,
    0xFFFF, 0xFFFF, 0xFFFF, 0xFFFF, 0xFFFF, 0xFFFF, 0xFFFF, 0xFFFF, 0xFFFF, 0xFFFF,
    0xFFFF, 0x8D17, 0x11EE, 0x2270, 0x226F, 0x2270, 0x2270, 0x2270, 0x2270, 0x224F,
    0x1A0F, 0x1A0E, 0x120E, 0x19EF, 0x11EE, 0x226E, 0x2A6F, 0x11EE, 0x19AD, 0x11EE,
    0x1A0E, 0x19EE, 0x19CD, 0x222E, 0x7455, 0x6C34, 0x7412, 0xFFDF, 0xFFFF, 0xFFFF,
    0x9737, 0x05EA, 0x0E0C, 0x0E0C, 0x0E0C, 0x0E0C, 0x0E0C, 0x0E0C, 0x05EB, 0x05EA,
    0x364F, 0xEFDE, 0xFFFF, 0xFFDF, 0xFFFF, 0xDEDB, 0x0000, 0x0000, 0x18C3, 0xFFDF,
    0xFFFF, 0xD6BA, 0x0000, 0x0000, 0x0000, 0x0000, 0x0000, 0x0000, 0xDEDB, 0xFFFF,
    0xFFDF, 0xFFFF, 0xFFFF, 0xFFFF, 0xFFFF, 0xFFFF, 0xFFFF, 0x18E3, 0x0000, 0x0000,
    0xB5B6, 0xFFFF, 0xFFFF, 0xFFFF, 0xFFFF, 0xFFFF, 0xFFFF, 0xFFFF, 0xFFFF, 0xFFFF,
    0xFFFF, 0xFFFF, 0xFFFF, 0xEF5D, 0xAD75, 0xAD75, 0xC638, 0xFFFF, 0xFFFF, 0xCE79,
    0x4A69, 0x528A, 0x4A49, 0x0000, 0x0000, 0x0841, 0x4A69, 0x4A69, 0x5AEB, 0xAD75,
    0xB596, 0xA514, 0x52AA, 0x4A69, 0x6B4D, 0xFFFF, 0xFFFF, 0xFFFF, 0xBDD7, 0xAD75,
    0xAD75, 0xF79E, 0xFFFF, 0xFFFF, 0xBDD7, 0xAD75, 0xB596, 0xAD75, 0xBDF7, 0xFFFF,
    0xFFFF, 0xADFA, 0x53D3, 0x6434, 0x6414, 0x6414, 0x5C14, 0x5C14, 0x5C14, 0x5BF4,
    0x53B3, 0x4B93, 0x4B93, 0x4B93, 0x4B93, 0x4B72, 0x4B93, 0x4B72, 0x4B52, 0x4B72,
    0x4B92, 0x4B72, 0x4B52, 0x4B52, 0x7475, 0x7455, 0x6414, 0xEF9E, 0xFFFF, 0xDFBD,
    0x0E0C, 0x060C, 0x05EB, 0x05EB, 0x0E0C, 0x060B, 0x05EA, 0x05EB, 0x4691, 0xBF7A,
    0xD7BC, 0x5EB2, 0xD7BC, 0xFFFF, 0xFFFF, 0xE73C, 0x528A, 0x4A69, 0x6B4D, 0xFFFF,
    0xFFFF, 0xD6BA, 0x0000, 0x0000, 0x0000, 0x4228, 0x528A, 0x528A, 0xEF5D, 0xFFFF,
    0xFFFF, 0xBDD7, 0xAD75, 0xAD75, 0xAD75, 0xAD75, 0xAD55, 0x1082, 0x0000, 0x0000,
    0xB5B6, 0xFFFF, 0xFFFF, 0xFFFF, 0xFFFF, 0xFFFF, 0xFFFF, 0xFFFF, 0xFFFF, 0xFFFF,
    0xFFFF, 0xFFFF, 0xFFFF, 0xB5B6, 0x0000, 0x0000, 0x4208, 0xFFFF, 0xFFFF, 0xFFFF,
    0xFFFF, 0xFFFF, 0xF7BE, 0x0861, 0x0020, 0x2104, 0xFFFF, 0xFFFF, 0xEF5D, 0x0000,
    0x0000, 0x10A2, 0xFFFF, 0xFFFF, 0xFFFF, 0xFFFF, 0xFFFF, 0xFFFF, 0x18E3, 0x0000,
    0x0000, 0xD69A, 0xFFDF, 0xF7BE, 0x18C3, 0x0000, 0x0000, 0x0000, 0x2124, 0xFFFF,
    0xFFFF, 0xADF9, 0x53D3, 0x6434, 0x6434, 0x6434, 0x6414, 0x6434, 0x6434, 0x6454,
    0x6C54, 0x6C74, 0x6C74, 0x6454, 0x6C54, 0x6C55, 0x6C55, 0x6454, 0x6454, 0x6434,
    0x6434, 0x6414, 0x5C14, 0x5C14, 0x5C14, 0x5BF3, 0x7CD6, 0xFFFF, 0xFFFF, 0x8716,
    0x05EA, 0x060B, 0x5EB2, 0x3E70, 0x05C9, 0x0E0C, 0x5EB2, 0xCF9B, 0xF7FF, 0x8F16,
    0x160C, 0x05C9, 0x8F16, 0xFFFF, 0xFFFF, 0xFFFF, 0xFFFF, 0xFFFF, 0xFFFF, 0xFFDF,
    0xFFDF, 0xD6BA, 0x0000, 0x0000, 0x0000, 0xE73C, 0xFFFF, 0xFFFF, 0xFFFF, 0xFFFF,
    0xFFDF, 0x1082, 0x0000, 0x0000, 0x0000, 0x0000, 0x0000, 0x0000, 0x0020, 0x0020,
    0xB596, 0xFFDF, 0xFFDF, 0xFFDF, 0xFFDF, 0xFFDF, 0xFFFF, 0xFFFF, 0xFFFF, 0xFFFF,
    0xFFFF, 0xFFFF, 0xFFFF, 0xB5B6, 0x0000, 0x0000, 0x39E7, 0xFFFF, 0xFFFF, 0xFFFF,
    0xFFDF, 0xFFFF, 0xE71C, 0x0000, 0x0000, 0x0861, 0xFFFF, 0xFFFF, 0xEF7D, 0x0841,
    0x0000, 0x2124, 0xFFFF, 0xFFFF, 0xFFFF, 0xFFFF, 0xFFFF, 0xFFFF, 0x2965, 0x0000,
    0x0020, 0xE73C, 0xFFFF, 0xFFFF, 0x18C3, 0x0000, 0x0000, 0x0000, 0x2104, 0xFFFF,
    0xFFFF, 0xA5B9, 0x4372, 0x53D3, 0x53B3, 0x53D3, 0x53D3, 0x5BF4, 0x5C14, 0x6434,
    0x6434, 0x6434, 0x6434, 0x6434, 0x6434, 0x6434, 0x6434, 0x6414, 0x6414, 0x6434,
    0x6434, 0x6434, 0x6434, 0x6434, 0x6C54, 0x5C14, 0x9578, 0xFFFF, 0xFFFF, 0x7EF5,
    0x05EA, 0x05EB, 0x56B2, 0xF7FF, 0x9716, 0xDFBD, 0xFFFF, 0xB759, 0x264E, 0x05EA,
    0x0E0C, 0x05EB, 0x66D3, 0xFFFF, 0xFFFF, 0xFFFF, 0xFFFF, 0xFFFF, 0xFFFF, 0xFFFF,
    0xFFFF, 0xE73C, 0x0000, 0x0000, 0x0000, 0xE73C, 0xFFFF, 0xFFFF, 0xFFFF, 0xFFFF,
    0xFFDF, 0x2104, 0x0000, 0x0020, 0x0000, 0x0000, 0x0000, 0x0000, 0x0000, 0x0000,
    0xBDD7, 0xFFFF, 0xFFFF, 0xFFFF, 0xFFFF, 0xFFFF, 0xFFFF, 0xFFFF, 0xFFFF, 0xFFFF,
    0xFFFF, 0xFFFF, 0xFFFF, 0xD69A, 0x528A, 0x528A, 0x8430, 0xFFFF, 0xFFFF, 0xFFFF,
    0xFFFF, 0xFFFF, 0xEF7D, 0x5ACB, 0x528A, 0x5AEB, 0xAD55, 0xAD75, 0x9CD3, 0x0020,
    0x0000, 0x10A2, 0xAD55, 0xAD75, 0xB5B6, 0xFFFF, 0xFFFF, 0xFFFF, 0x2945, 0x0000,
    0x0000, 0x9492, 0xAD75, 0xAD55, 0x630C, 0x528A, 0x52AA, 0x528A, 0x738E, 0xFFFF,
    0xFFFF, 0xADFA, 0x3B52, 0x53B3, 0x4BB3, 0x4BB3, 0x53D3, 0x5BD4, 0x5BF4, 0x5C14,
    0x6414, 0x6434, 0x6434, 0x6414, 0x6414, 0x6414, 0x6434, 0x6414, 0x5BF4, 0x5BF4,
    0x5BF4, 0x6414, 0x6414, 0x6414, 0x6434, 0x5BF3, 0x8D17, 0xFFFF, 0xFFFF, 0x76F5,
    0x05EA, 0x0E0C, 0x05EB, 0xCF9B, 0xFFFF, 0xCF9C, 0x4690, 0x05EA, 0x05EB, 0x0E0C,
    0x0E0C, 0x05EA, 0x76F4, 0xFFFF, 0xFFFF, 0xCE79, 0xFFDF, 0xFFFF, 0xF79E, 0xAD55,
    0xAD75, 0x9492, 0x0000, 0x0000, 0x0000, 0x94B2, 0xAD75, 0xAD55, 0xF79E, 0xFFFF,
    0xFFDF, 0x18E3, 0x0000, 0x0020, 0x4A49, 0x52AA, 0x528A, 0x52AA, 0x52AA, 0x528A,
    0x9492, 0xAD75, 0xAD55, 0xAD55, 0xAD75, 0xAD55, 0xEF5D, 0xFFFF, 0xFFFF, 0xFFFF,
    0xFFFF, 0xFFFF, 0xFFFF, 0xFFFF, 0xFFFF, 0xFFFF, 0xFFFF, 0xFFDF, 0xFFFF, 0xFFDF,
    0xFFDF, 0xFFDF, 0xFFFF, 0xFFFF, 0xFFFF, 0xEF7D, 0x0000, 0x0000, 0x0000, 0x0000,
    0x0000, 0x0000, 0x0000, 0x0000, 0x10A2, 0xFFDF, 0xFFDF, 0xFFDF, 0x2965, 0x0020,
    0x0020, 0x0000, 0x0000, 0x0000, 0xE71C, 0xFFFF, 0xFFFF, 0xFFFF, 0xFFFF, 0xFFFF,
    0xFFFF, 0xEF7E, 0x6414, 0x4B72, 0x5393, 0x53B3, 0x53B3, 0x53B3, 0x53D4, 0x53D4,
    0x5BF3, 0x5BF3, 0x5BF3, 0x5BF3, 0x53D3, 0x53D3, 0x5BF4, 0x5BD3, 0x53D3, 0x53D3,
    0x5BB3, 0x53D3, 0x53D3, 0x53D3, 0x5BD3, 0x53B3, 0x6414, 0xF7BE, 0xFFFF, 0xBF7A,
    0x05EB, 0x0E0C, 0x05EB, 0x4691, 0x76F4, 0x05EB, 0x05EA, 0x0E0C, 0x0E0C, 0x060C,
    0x0E0C, 0x05EA, 0xB779, 0xFFFF, 0xEF7D, 0x31A6, 0xF79E, 0xFFDF, 0xD6BA, 0x0000,
    0x0000, 0x0000, 0x0020, 0x0020, 0x0000, 0x0000, 0x0000, 0x0000, 0xDEFB, 0xFFFF,
    0xFFDF, 0x2104, 0x0020, 0x0861, 0xF79E, 0xFFFF, 0xFFFF, 0xFFFF, 0xFFFF, 0xFFFF,
    0x4228, 0x0000, 0x0000, 0x0000, 0x0000, 0x0000, 0xB5B6, 0xFFFF, 0xFFFF, 0xFFFF,
    0xFFFF, 0xFFFF, 0xFFFF, 0xFFFF, 0xFFFF, 0xFFFF, 0xFFFF, 0xFFFF, 0xFFFF, 0xFFFF,
    0xFFFF, 0xFFFF, 0xFFFF, 0xFFFF, 0xFFFF, 0xF79E, 0x0841, 0x0000, 0x0020, 0x0000,
    0x0000, 0x0000, 0x0000, 0x0000, 0x18C3, 0xFFFF, 0xFFFF, 0xFFFF, 0x18E3, 0x0000,
    0x0000, 0x0000, 0x0000, 0x0020, 0xE73C, 0xFFFF, 0xFFFF, 0xFFFF, 0xFFFF, 0xFFFF,
    0xFFFF, 0xFFFF, 0xEF7E, 0xCEBC, 0xCEBC, 0xCEBC, 0xCEBC, 0xCEBC, 0xCEBC, 0xCEBC,
    0xCEBC, 0xCEBC, 0xCEDC, 0xCEDC, 0xCEBC, 0xCEBC, 0xCEBC, 0xCEBC, 0xCEBC, 0xCEDC,
    0xCEDC, 0xCEDC, 0xCEDC, 0xCEDC, 0xCEDC, 0xCEDC, 0xCEDC, 0xF7DF, 0xFFFF, 0xFFFF,
    0x56B2, 0x05CA, 0x0E0C, 0x05EB, 0x05EA, 0x060C, 0x0E0C, 0x060C, 0x0E0C, 0x0E0C,
    0x05EA, 0x4E91, 0xFFFF, 0xFFFF, 0xB5B6, 0x18E3, 0xFFFF, 0xFFFF, 0xE73C, 0x0000,
    0x0000, 0x0000, 0x0000, 0x0000, 0x0000, 0x0000, 0x0000, 0x0000, 0xDEFB, 0xFFFF,
    0xFFDF, 0x1082, 0x0000, 0x0000, 0xDEFB, 0xFFFF, 0xFFDF, 0xFFFF, 0xFFFF, 0xFFFF,
    0x4228, 0x0000, 0x0000, 0x0000, 0x0020, 0x0000, 0xBDD7, 0xFFFF, 0xFFFF, 0xFFFF,
    0xFFFF, 0xFFFF, 0xFFFF, 0xFFFF, 0xFFFF, 0xFFFF, 0xE73C, 0xAD55, 0xAD55, 0xAD55,
    0xAD55, 0xAD55, 0xAD55, 0xA534, 0xAD55, 0x94B2, 0x0020, 0x0000, 0x0000, 0x0000,
    0x0000, 0x0841, 0x52AA, 0x52AA, 0x630C, 0xA534, 0xAD55, 0xAD55, 0x632C, 0x52AA,
    0x52AA, 0x0861, 0x0000, 0x0000, 0x9492, 0xAD55, 0xAD55, 0xAD55, 0xBDD7, 0xFFFF,
    0xFFFF, 0xFFFF, 0xFFFF, 0xFFFF, 0xFFFF, 0xFFFF, 0xFFFF, 0xFFFF, 0xFFFF, 0xFFFF,
    0xFFFF, 0xFFFF, 0xFFFF, 0xFFFF, 0xFFFF, 0xFFFF, 0xFFFF, 0xFFFF, 0xFFFF, 0xFFFF,
    0xFFFF, 0xFFFF, 0xFFFF, 0xFFFF, 0xFFFF, 0xFFFF, 0xFFFF, 0xFFFF, 0xFFFF, 0xFFFF,
    0xF7FE, 0x4E91, 0x060B, 0x060C, 0x0E0C, 0x0E0C, 0x0E0C, 0x060C, 0x05EB, 0x05EA,
    0x3E70, 0xEFDE, 0xFFFF, 0xFFFF, 0x39E7, 0x0841, 0xAD55, 0xAD55, 0x9CF3, 0x52AA,
    0x52AA, 0x52AA, 0x52AA, 0x52AA, 0x52AA, 0x52AA, 0x52AA, 0x5ACB, 0xEF5D, 0xFFFF,
    0xFFDF, 0x6B4D, 0x52AA, 0x5AEB, 0xEF7D, 0xFFFF, 0xFFDF, 0xB596, 0xA534, 0xAD55,
    0x6B6D, 0x52AA, 0x5ACB, 0x18C3, 0x0000, 0x0000, 0xBDD7, 0xFFFF, 0xFFFF, 0xFFFF,
    0xFFFF, 0xFFFF, 0xFFFF, 0xFFFF, 0xFFDF, 0xFFFF, 0xB596, 0x0000, 0x0000, 0x0000,
    0x0000, 0x0000, 0x0000, 0x0000, 0x0000, 0x0000, 0x0000, 0x0000, 0x0000, 0x0000,
    0x0000, 0x2104, 0xFFFF, 0xFFFF, 0xE73C, 0x0000, 0x0000, 0x0000, 0xE71C, 0xFFFF,
    0xFFFF, 0x2945, 0x0000, 0x0020, 0x0000, 0x0000, 0x0000, 0x0000, 0x2104, 0xFFFF,
    0xFFFF, 0xFFFF, 0xFFFF, 0xFFFF, 0xFFFF, 0xFFFF, 0xFFFF, 0xFFDF, 0xFFDF, 0xFFFF,
    0xFFFF, 0xFFFF, 0xFFFF, 0xFFFF, 0xFFFF, 0xFFDF, 0xFFDF, 0xFFDF, 0xFFDF, 0xFFFF,
    0xFFFF, 0xFFFF, 0xFFFF, 0xFFFF, 0xFFFF, 0xFFFF, 0xFFFF, 0xFFFF, 0xFFFF, 0xFFFF,
    0xFFFF, 0xD7BC, 0x05EA, 0x1E2D, 0x0E0C, 0x05EA, 0x05EA, 0x060B, 0x2E4E, 0x8F16,
    0xFFFF, 0xFFFF, 0xFFFF, 0x9492, 0x0000, 0x0000, 0x0000, 0x0000, 0x18C3, 0xFFFF,
    0xFFFF, 0xFFFF, 0xFFFF, 0xFFFF, 0xFFFF, 0xFFFF, 0xFFFF, 0xFFFF, 0xFFFF, 0xFFFF,
    0xFFFF, 0xFFFF, 0xFFFF, 0xFFFF, 0xFFFF, 0xFFFF, 0xF7BE, 0x0861, 0x0000, 0x0000,
    0xBDD7, 0xFFFF, 0xFFFF, 0x4A69, 0x0000, 0x0000, 0xBDD7, 0xFFFF, 0xFFFF, 0xFFFF,
    0xFFFF, 0xFFFF, 0xFFFF, 0xFFFF, 0xFFFF, 0xFFFF, 0xBDF7, 0x0000, 0x0000, 0x0000,
    0x0000, 0x0000, 0x0000, 0x0000, 0x0020, 0x0000, 0x0000, 0x0000, 0x0000, 0x0000,
    0x0000, 0x2104, 0xFFFF, 0xFFFF, 0xE71C, 0x0020, 0x0020, 0x0020, 0xD6BA, 0xFFDF,
    0xFFDF, 0x18E3, 0x0000, 0x0000, 0x0000, 0x0000, 0x0000, 0x0000, 0x0861, 0x2965,
    0xBDF7, 0xFFFF, 0xFFFF, 0x738E, 0x2965, 0x2965, 0xC638, 0xFFFF, 0xFFFF, 0x6B4D,
    0x2124, 0x2124, 0xC638, 0xFFFF, 0xFFFF, 0xFFFF, 0xFFFF, 0xFFFF, 0xFFFF, 0xFFFF,
    0xFFFF, 0x9CD3, 0x2965, 0x3186, 0x2945, 0x2124, 0x2124, 0x2124, 0x39E7, 0xF7BE,
    0xFFFF, 0x9717, 0x6ED3, 0xEFDE, 0xD7BC, 0xA758, 0x9F38, 0xCF9B, 0xFFDF, 0xFFFF,
    0xFFFF, 0xFFFF, 0xEF5D, 0x0000, 0x0000, 0x0000, 0x0000, 0x0000, 0x2104, 0xFFDF,
    0xFFDF, 0xFFFF, 0xFFFF, 0xFFFF, 0xFFFF, 0xFFFF, 0xFFFF, 0xFFFF, 0xFFFF, 0xFFFF,
    0xFFFF, 0xFFFF, 0xFFFF, 0xFFFF, 0xFFFF, 0xFFFF, 0xFFFF, 0x10A2, 0x0000, 0x0000,
    0xB596, 0xFFDF, 0xFFDF, 0x4208, 0x0000, 0x0000, 0xBDD7, 0xFFFF, 0xFFFF, 0xFFFF,
    0xFFFF, 0xFFFF, 0xFFFF, 0xF7BE, 0xDEDB, 0xDEFB, 0xAD55, 0x2104, 0x2124, 0x2104,
    0x2104, 0x2104, 0x18E3, 0x0000, 0x0000, 0x0000, 0x0000, 0x0000, 0x0000, 0x0000,
    0x0000, 0x18E3, 0xD6BA, 0xDEFB, 0xBDF7, 0x0000, 0x0000, 0x0000, 0xD6BA, 0xFFFF,
    0xFFFF, 0x4208, 0x2104, 0x2124, 0x2104, 0x2104, 0x2104, 0x0020, 0x0000, 0x0000,
    0x9492, 0xDEFB, 0xDEFB, 0x4208, 0x0000, 0x0000, 0x94B2, 0xDEFB, 0xDEFB, 0x528A,
    0x10A2, 0x10A2, 0xA534, 0xDEFB, 0xDEDB, 0xDEFB, 0xDEFB, 0xDEFB, 0xDEFB, 0xDEDB,
    0xDEFB, 0x6B4D, 0x0000, 0x0000, 0x0841, 0x18C3, 0x18C3, 0x10A2, 0x2965, 0xF7BE,
    0xFFFF, 0xFFFF, 0xFFFF, 0xFFFF, 0xFFFF, 0xFFFF, 0xFFFF, 0xFFFF, 0xFFFF, 0xFFFF,
    0xE73C, 0xDEFB, 0xC638, 0x2124, 0x2104, 0x2104, 0x2124, 0x2104, 0x4208, 0xFFFF,
    0xFFFF, 0xFFDF, 0xDEFB, 0xDEFB, 0xDEFB, 0xDEFB, 0xDEFB, 0xDEFB, 0xDEFB, 0xDEFB,
    0xDEFB, 0xDEFB, 0xDEFB, 0xDEFB, 0xDEFB, 0xDEFB, 0xD6BA, 0x31A6, 0x2104, 0x2104,
    0xBDF7, 0xFFFF, 0xFFFF, 0x630C, 0x2104, 0x2104, 0xC618, 0xFFFF, 0xFFFF, 0xFFFF,
    0xFFFF, 0xFFFF, 0xFFFF, 0xBDD7, 0x0020, 0x0020, 0x4A49, 0xFFDF, 0xFFDF, 0xFFDF,
    0xFFDF, 0xFFDF, 0xE71C, 0x0841, 0x0000, 0x0000, 0x0000, 0x0000, 0x0000, 0x0000,
    0x0000, 0x0000, 0x0020, 0x0020, 0x0020, 0x0000, 0x0000, 0x0000, 0xD6BA, 0xFFFF,
    0xFFFF, 0xFFFF, 0xFFFF, 0xFFFF, 0xFFDF, 0xFFFF, 0xFFDF, 0x2104, 0x0000, 0x0020,
    0x0020, 0x0020, 0x0020, 0x0020, 0x0020, 0x0020, 0x0000, 0x0020, 0x0000, 0xB596,
    0xFFFF, 0xFFFF, 0x4A49, 0x0000, 0x0020, 0x0020, 0x0020, 0x0020, 0x0020, 0x0000,
    0x0000, 0x0000, 0x0841, 0x0020, 0x8430, 0xFFFF, 0xFFDF, 0xFFFF, 0xFFFF, 0xFFFF,
    0xFFFF, 0xFFFF, 0xFFFF, 0xFFFF, 0xFFFF, 0xFFFF, 0xF79E, 0xDEDB, 0xAD55, 0x5AEB,
    0x1082, 0x0000, 0x2104, 0xF7BE, 0xFFDF, 0xFFDF, 0xFFFF, 0xFFFF, 0xFFFF, 0xFFFF,
    0xFFFF, 0xDEDB, 0x0020, 0x0020, 0x0020, 0x0000, 0x0000, 0x0000, 0x0020, 0x0020,
    0x0020, 0x0020, 0x0020, 0x0020, 0x0020, 0x0020, 0x0861, 0xE71C, 0xFFFF, 0xFFDF,
    0xFFFF, 0xFFFF, 0xFFFF, 0xFFFF, 0xFFFF, 0xFFFF, 0xFFFF, 0xFFFF, 0xFFFF, 0xFFFF,
    0xFFFF, 0xFFFF, 0xFFFF, 0xB5B6, 0x0000, 0x0000, 0x4228, 0xFFFF, 0xFFFF, 0xFFFF,
    0xFFFF, 0xFFFF, 0xEF7D, 0x0841, 0x0000, 0x0000, 0x0000, 0x0000, 0x0000, 0x0000,
    0x0000, 0x0000, 0x0000, 0x0000, 0x0000, 0x0000, 0x0000, 0x0000, 0xD6BA, 0xFFFF,
    0xFFFF, 0xFFFF, 0xFFFF, 0xFFFF, 0xFFFF, 0xFFFF, 0xFFFF, 0x2104, 0x0000, 0x0000,
    0x0000, 0x0000, 0x0000, 0x0000, 0x0000, 0x0000, 0x0000, 0x0000, 0x0000, 0xBDD7,
    0xFFFF, 0xFFFF, 0x4A49, 0x0000, 0x0000, 0x0000, 0x0000, 0x0000, 0x0000, 0x0000,
    0x0000, 0x0000, 0x0000, 0x0000, 0x8410, 0xFFFF, 0xFFFF, 0xFFFF, 0xFFFF, 0xFFFF,
    0xFFFF, 0xFFFF, 0xFFFF, 0xFFFF, 0xFFDF, 0xFFFF, 0xAD75, 0x0000, 0x0000, 0x0000,
    0x0000, 0x0000, 0x2104, 0xFFFF, 0xFFFF, 0xFFFF, 0xFFFF, 0xFFFF, 0xFFFF, 0xFFFF,
    0xFFFF, 0xD6BA, 0x0000, 0x0000, 0x0000, 0x0000, 0x0000, 0x0000, 0x0000, 0x0000,
    0x0000, 0x0000, 0x0000, 0x0000, 0x0000, 0x0000, 0x0000, 0xE73C, 0xFFFF, 0xFFFF,
    0xFFFF, 0xFFFF, 0xFFFF, 0xFFFF, 0xFFFF, 0xFFFF, 0xFFFF, 0xFFFF, 0xFFFF, 0xFFFF,
    0xFFFF, 0xFFFF, 0xFFFF, 0xC638, 0x2104, 0x2124, 0x5ACB, 0xDEDB, 0xD6BA, 0xDEDB,
    0xDEDB, 0xDEDB, 0xC638, 0x0841, 0x0000, 0x0020, 0x2124, 0x2124, 0x2124, 0x2124,
    0x2124, 0x2124, 0x2124, 0x2124, 0x2104, 0x0000, 0x0000, 0x0000, 0xD6BA, 0xFFFF,
    0xFFFF, 0xFFFF, 0xFFFF, 0xFFFF, 0xFFFF, 0xFFFF, 0xFFDF, 0x2104, 0x0000, 0x0000,
    0x18C3, 0x2124, 0x2124, 0x2124, 0x2124, 0x2124, 0x0861, 0x0000, 0x0000, 0x9CD3,
    0xDEDB, 0xDEDB, 0x39E7, 0x0000, 0x0000, 0x1082, 0x2124, 0x2124, 0x1082, 0x0000,
    0x0000, 0x1082, 0x2945, 0x2104, 0x94B2, 0xFFFF, 0xFFDF, 0xFFFF, 0xFFFF, 0xFFFF,
    0xFFFF, 0xFFFF, 0xFFFF, 0xFFFF, 0xFFDF, 0xFFFF, 0xAD75, 0x0000, 0x0020, 0x0020,
    0x0000, 0x0000, 0x18E3, 0xD6BA, 0xDEDB, 0xDEFB, 0xFFFF, 0xFFFF, 0xFFFF, 0xFFFF,
    0xFFFF, 0xDEFB, 0x2124, 0x2124, 0x2124, 0x0020, 0x0000, 0x0000, 0x2104, 0x2124,
    0x2124, 0x2124, 0x2124, 0x2124, 0x2124, 0x2124, 0x2965, 0xEF5D, 0xFFFF, 0xFFFF,
    0xFFFF, 0xFFFF, 0xFFFF, 0xFFFF, 0xFFFF, 0xFFFF, 0xFFFF, 0xFFFF, 0xFFFF, 0xFFFF,
    0xFFFF, 0xFFFF, 0xFFFF, 0xFFFF, 0xFFDF, 0xFFDF, 0xB5B6, 0x0000, 0x0020, 0x0000,
    0x0000, 0x0000, 0x0000, 0x0000, 0x0000, 0x18C3, 0xF7BE, 0xFFFF, 0xFFDF, 0xFFFF,
    0xFFFF, 0xFFFF, 0xFFDF, 0xFFFF, 0xDEDB, 0x0020, 0x0000, 0x0000, 0xD6BA, 0xFFFF,
    0xFFFF, 0xFFFF, 0xFFFF, 0xFFFF, 0xFFFF, 0xFFFF, 0xFFDF, 0x2104, 0x0000, 0x0000,
    0xAD55, 0xFFFF, 0xFFDF, 0xFFFF, 0xFFDF, 0xFFFF, 0x4A69, 0x0000, 0x0020, 0x0000,
    0x0000, 0x0000, 0x0000, 0x0020, 0x0000, 0x7BCF, 0xFFFF, 0xFFFF, 0x8410, 0x0000,
    0x0000, 0x8410, 0xFFFF, 0xFFDF, 0xFFFF, 0xFFFF, 0xFFFF, 0xFFFF, 0xFFFF, 0xFFFF,
    0xFFFF, 0xFFFF, 0xFFFF, 0xFFFF, 0xFFDF, 0xFFFF, 0xAD75, 0x0000, 0x0000, 0x0000,
    0x0000, 0x0000, 0x0000, 0x0000, 0x0000, 0x2124, 0xFFFF, 0xFFFF, 0xFFFF, 0xFFFF,
    0xFFFF, 0xFFFF, 0xFFDF, 0xFFFF, 0xFFDF, 0x2124, 0x0000, 0x0020, 0xDEDB, 0xFFFF,
    0xFFDF, 0xFFFF, 0xFFFF, 0xFFFF, 0xFFFF, 0xFFFF, 0xFFFF, 0xFFFF, 0xFFFF, 0xFFFF,
    0xFFFF, 0xFFFF, 0xFFFF, 0xFFFF, 0xFFFF, 0xFFFF, 0xFFFF, 0xFFFF, 0xFFFF, 0xFFFF,
    0xFFFF, 0xFFFF, 0xFFFF, 0xFFFF, 0xFFFF, 0xFFFF, 0xBDF7, 0x0000, 0x0000, 0x0000,
    0x0000, 0x0000, 0x0000, 0x0000, 0x0000, 0x18E3, 0xFFFF, 0xFFFF, 0xFFFF, 0xFFFF,
    0xFFFF, 0xFFFF, 0xFFFF, 0xFFFF, 0xE73C, 0x0000, 0x0000, 0x0000, 0xD6BA, 0xFFFF,
    0xFFFF, 0xFFFF, 0xFFFF, 0xFFFF, 0xFFFF, 0xFFFF, 0xFFFF, 0x2104, 0x0000, 0x0000,
    0xB596, 0xFFFF, 0xFFFF, 0xFFFF, 0xFFFF, 0xFFFF, 0x528A, 0x0000, 0x0020, 0x0000,
    0x0000, 0x0000, 0x0000, 0x0020, 0x0000, 0x7BEF, 0xFFFF, 0xFFFF, 0x8410, 0x0000,
    0x0000, 0x7BEF, 0xFFFF, 0xFFFF, 0xFFFF, 0xFFFF, 0xFFFF, 0xFFFF, 0xFFFF, 0xFFFF,
    0xFFFF, 0xFFFF, 0xFFFF, 0xFFFF, 0xFFDF, 0xFFFF, 0xAD75, 0x0000, 0x0000, 0x0000,
    0x0000, 0x0000, 0x0000, 0x0000, 0x0000, 0x2104, 0xFFFF, 0xFFFF, 0xFFFF, 0xFFFF,
    0xFFFF, 0xFFFF, 0xFFFF, 0xFFFF, 0xFFFF, 0x2124, 0x0000, 0x0020, 0xE73C, 0xFFFF,
    0xFFFF, 0xFFFF, 0xFFFF, 0xFFFF, 0xFFFF, 0xFFFF, 0xFFFF, 0xFFFF, 0xFFFF, 0xFFFF,
    0xFFFF, 0xFFFF, 0xFFFF, 0xFFFF, 0xFFFF, 0xFFFF, 0xFFFF, 0xFFFF, 0xFFFF, 0xFFFF,
    0xFFFF, 0xFFFF, 0xFFFF, 0xF7BE, 0xD6BA, 0xDEDB, 0x9CD3, 0x0000, 0x0000, 0x0000,
    0x0000, 0x0000, 0x0000, 0x0000, 0x0000, 0x10A2, 0xD69A, 0xDEDB, 0xD6BA, 0xD6BA,
    0xD6BA, 0xD6BA, 0xD6BA, 0xDEDB, 0xC618, 0x2945, 0x2124, 0x2124, 0xDEFB, 0xFFFF,
    0xFFFF, 0xFFFF, 0xFFFF, 0xFFFF, 0xDEFB, 0xDEDB, 0xD6BA, 0x18E3, 0x0000, 0x0000,
    0x8C71, 0xDEDB, 0xD6BA, 0xD6BA, 0xD6BA, 0xDEDB, 0x4208, 0x0000, 0x0000, 0x0000,
    0x0000, 0x0000, 0x0000, 0x0000, 0x0000, 0x632C, 0xDEDB, 0xDEDB, 0x8410, 0x2124,
    0x2124, 0x94B2, 0xFFFF, 0xFFDF, 0xFFFF, 0xFFFF, 0xFFFF, 0xFFFF, 0xFFFF, 0xFFFF,
    0xF79E, 0xDEDB, 0xDEDB, 0xE73C, 0xFFFF, 0xFFFF, 0xAD75, 0x0000, 0x0000, 0x0861,
    0x2124, 0x2124, 0x2104, 0x0000, 0x0000, 0x2124, 0xFFFF, 0xFFFF, 0xFFDF, 0xDEDB,
    0xDEDB, 0xDEDB, 0xD6BA, 0xD6BA, 0xD6BA, 0x18E3, 0x0000, 0x0020, 0xBDD7, 0xDEDB,
    0xD6BA, 0xD6BA, 0xD6BA, 0xDEDB, 0xFFDF, 0xFFFF, 0xFFFF, 0xDEFB, 0xDEDB, 0xDEDB,
    0xDEDB, 0xDEDB, 0xDEDB, 0xDEDB, 0xDEDB, 0xDEDB, 0xF7BE, 0xFFFF, 0xFFFF, 0xFFFF,
    0xFFFF, 0xFFFF, 0xFFFF, 0xBDD7, 0x0000, 0x0020, 0x0000, 0x0000, 0x0000, 0x0000,
    0x0000, 0x0000, 0x0000, 0x0000, 0x0000, 0x0000, 0x0000, 0x0000, 0x0000, 0x0000,
    0x0000, 0x0000, 0x0020, 0x0000, 0x2124, 0xFFFF, 0xFFFF, 0xFFFF, 0xFFFF, 0xFFFF,
    0xFFFF, 0xFFFF, 0xFFFF, 0xFFDF, 0x2124, 0x0000, 0x0000, 0x0000, 0x0000, 0x0000,
    0x0000, 0x0000, 0x0000, 0x0000, 0x0000, 0x0000, 0x0000, 0x0000, 0x0000, 0x0000,
    0x0000, 0x0000, 0x0000, 0x0000, 0x0000, 0x0000, 0x0020, 0x0000, 0x7BEF, 0xFFFF,
    0xFFDF, 0xFFFF, 0xFFFF, 0xFFFF, 0xFFFF, 0xFFFF, 0xFFFF, 0xFFFF, 0xFFDF, 0xFFFF,
    0xB596, 0x0000, 0x0000, 0x4A69, 0xFFFF, 0xFFFF, 0xAD75, 0x0000, 0x0000, 0x528A,
    0xFFFF, 0xFFFF, 0xDEFB, 0x0020, 0x0000, 0x2124, 0xFFDF, 0xFFFF, 0xD6BA, 0x0000,
    0x0000, 0x0000, 0x0000, 0x0000, 0x0000, 0x0000, 0x0000, 0x0000, 0x0000, 0x0000,
    0x0000, 0x0000, 0x0000, 0x0020, 0xE71C, 0xFFFF, 0xF7BE, 0x18E3, 0x0000, 0x0020,
    0x0000, 0x0000, 0x0000, 0x0000, 0x0000, 0x0000, 0xBDD7, 0xFFFF, 0xFFFF, 0xFFFF,
    0xFFFF, 0xFFFF, 0xFFFF, 0xB5B6, 0x0000, 0x0000, 0x0000, 0x0000, 0x0000, 0x0000,
    0x0000, 0x0000, 0x0000, 0x0000, 0x0000, 0x0000, 0x0000, 0x0000, 0x0000, 0x0000,
    0x0000, 0x0000, 0x0000, 0x0000, 0x18C3, 0xFFFF, 0xFFFF, 0xFFFF, 0xFFFF, 0xFFFF,
    0xFFFF, 0xFFFF, 0xFFFF, 0xFFFF, 0x2124, 0x0000, 0x0000, 0x0000, 0x0000, 0x0000,
    0x0000, 0x0000, 0x0000, 0x0000, 0x0000, 0x0000, 0x0000, 0x0000, 0x0000, 0x0000,
    0x0000, 0x0000, 0x0000, 0x0000, 0x0000, 0x0000, 0x0020, 0x0000, 0x8410, 0xFFFF,
    0xFFFF, 0xFFFF, 0xFFFF, 0xFFFF, 0xFFFF, 0xFFFF, 0xFFFF, 0xFFFF, 0xFFFF, 0xFFFF,
    0xBDD7, 0x0000, 0x0000, 0x528A, 0xFFFF, 0xFFFF, 0xB5B6, 0x0000, 0x0000, 0x52AA,
    0xFFFF, 0xFFFF, 0xE73C, 0x0020, 0x0000, 0x2124, 0xFFFF, 0xFFFF, 0xE71C, 0x0000,
    0x0000, 0x0000, 0x0000, 0x0000, 0x0000, 0x0000, 0x0000, 0x0000, 0x0000, 0x0000,
    0x0000, 0x0000, 0x0000, 0x0020, 0xE71C, 0xFFFF, 0xF7BE, 0x1082, 0x0000, 0x0000,
    0x0000, 0x0000, 0x0000, 0x0000, 0x0000, 0x0000, 0xBDD7, 0xFFFF, 0xFFFF, 0xFFFF,
    0xFFFF, 0xFFFF, 0xFFFF, 0xC638, 0x2945, 0x2965, 0x2945, 0x2945, 0x2945, 0x2945,
    0x2945, 0x2945, 0x2945, 0x2945, 0x2945, 0x2945, 0x2945, 0x2945, 0x2945, 0x2945,
    0x2945, 0x2945, 0x2965, 0x2945, 0x4228, 0xFFFF, 0xFFFF, 0xFFFF, 0xDEFB, 0xD6BA,
    0xD6BA, 0xD6BA, 0xD6BA, 0xD6BA, 0x18E3, 0x0000, 0x0000, 0x0000, 0x0000, 0x0000,
    0x0000, 0x0000, 0x0000, 0x0000, 0x0000, 0x0000, 0x0000, 0x0000, 0x0000, 0x0000,
    0x0000, 0x0000, 0x18E3, 0x2945, 0x2945, 0x10A2, 0x0020, 0x0000, 0x6B4D, 0xD6BA,
    0xD69A, 0xD6BA, 0xD6BA, 0xD6BA, 0xEF5D, 0xFFFF, 0xFFFF, 0xF79E, 0xD69A, 0xD6BA,
    0x94B2, 0x0000, 0x0000, 0x4208, 0xD6BA, 0xD6BA, 0x9492, 0x0000, 0x0000, 0x4228,
    0xD6BA, 0xD6BA, 0xBDD7, 0x0020, 0x0000, 0x18E3, 0xD69A, 0xD6BA, 0xB5B6, 0x0000,
    0x0000, 0x0020, 0x2945, 0x2945, 0x2945, 0x2945, 0x2945, 0x2945, 0x2945, 0x2945,
    0x2945, 0x0020, 0x0000, 0x0841, 0xE71C, 0xFFFF, 0xF7BE, 0x4208, 0x2945, 0x2965,
    0x2945, 0x2945, 0x2945, 0x0861, 0x0000, 0x0000, 0xBDD7, 0xFFFF, 0xFFFF, 0xFFFF,
    0xFFFF, 0xFFFF, 0xFFFF, 0xFFFF, 0xFFFF, 0xFFFF, 0xFFFF, 0xFFFF, 0xFFFF, 0xFFFF,
    0xFFFF, 0xFFFF, 0xFFFF, 0xFFFF, 0xFFFF, 0xFFFF, 0xFFFF, 0xFFFF, 0xFFFF, 0xFFFF,
    0xFFFF, 0xFFFF, 0xFFFF, 0xFFFF, 0xFFFF, 0xFFFF, 0xFFFF, 0xFFFF, 0x2945, 0x0000,
    0x0000, 0x0000, 0x0000, 0x0000, 0x0000, 0x0000, 0x0000, 0x0000, 0x0000, 0x0000,
    0x0000, 0x0000, 0x0000, 0x0000, 0x0000, 0x0000, 0x0000, 0x0000, 0x0000, 0x0000,
    0x0000, 0x0000, 0xB5B6, 0xFFFF, 0xFFFF, 0x8430, 0x0000, 0x0020, 0x0000, 0x0000,
    0x0000, 0x0000, 0x0000, 0x0000, 0x8410, 0xFFFF, 0xFFFF, 0xB5B6, 0x0000, 0x0000,
    0x0000, 0x0000, 0x0000, 0x0000, 0x0000, 0x0000, 0x0000, 0x0000, 0x0000, 0x0000,
    0x0000, 0x0000, 0x0000, 0x0000, 0x0000, 0x0000, 0x0000, 0x0000, 0x0000, 0x0000,
    0x0000, 0x2945, 0xFFFF, 0xFFFF, 0xFFFF, 0xFFFF, 0xFFFF, 0xFFFF, 0xFFFF, 0xFFFF,
    0xFFFF, 0x18E3, 0x0000, 0x0841, 0xE71C, 0xFFFF, 0xFFFF, 0xFFFF, 0xFFFF, 0xFFFF,
    0xFFFF, 0xFFFF, 0xFFFF, 0x4A49, 0x0000, 0x0000, 0xBDD7, 0xFFFF, 0xFFFF, 0xFFFF,
    0xFFFF, 0xFFFF, 0xFFFF, 0xFFFF, 0xFFFF, 0xFFFF, 0xFFFF, 0xFFFF, 0xFFFF, 0xFFFF,
    0xFFFF, 0xFFFF, 0xFFFF, 0xFFFF, 0xFFFF, 0xFFFF, 0xFFFF, 0xFFFF, 0xFFFF, 0xFFFF,
    0xFFFF, 0xFFFF, 0xFFFF, 0xFFFF, 0xFFFF, 0xFFFF, 0xFFFF, 0xFFFF, 0x2945, 0x0000,
    0x0000, 0x0000, 0x0000, 0x0000, 0x0000, 0x0000, 0x0000, 0x0000, 0x0000, 0x0000,
    0x0000, 0x0000, 0x0000, 0x0000, 0x0000, 0x0000, 0x0000, 0x0000, 0x0000, 0x0000,
    0x0000, 0x0000, 0xB5B6, 0xFFFF, 0xFFFF, 0x8430, 0x0000, 0x0000, 0x0000, 0x0000,
    0x0000, 0x0000, 0x0020, 0x0000, 0x8430, 0xFFFF, 0xFFFF, 0xBDD7, 0x0000, 0x0000,
    0x0000, 0x0000, 0x0000, 0x0000, 0x0000, 0x0000, 0x0000, 0x0000, 0x0000, 0x0000,
    0x0000, 0x0000, 0x0000, 0x0000, 0x0000, 0x0000, 0x0000, 0x0000, 0x0000, 0x0000,
    0x0000, 0x2945, 0xFFFF, 0xFFFF, 0xFFFF, 0xFFFF, 0xFFFF, 0xFFFF, 0xFFFF, 0xFFFF,
    0xFFDF, 0x18E3, 0x0000, 0x0841, 0xE73C, 0xFFFF, 0xFFFF, 0xFFFF, 0xFFFF, 0xFFFF,
    0xFFFF, 0xFFFF, 0xFFFF, 0x4A49, 0x0000, 0x0000, 0xBDD7, 0xFFFF, 0xFFFF, 0xFFFF,
    0xFFFF, 0xFFFF, 0xFFFF, 0xFFFF, 0xFFDF, 0xFFDF, 0xFFDF, 0xFFDF, 0xFFDF, 0xFFDF,
    0xFFDF, 0xFFDF, 0xFFDF, 0xFFDF, 0xFFDF, 0xFFDF, 0xFFDF, 0xFFDF, 0xFFDF, 0xFFDF,
    0xFFDF, 0xFFDF, 0xFFDF, 0xFFDF, 0xFFFF, 0xFFFF, 0xFFFF, 0xFFFF, 0x2945, 0x0000,
    0x0000, 0x0000, 0x0000, 0x0000, 0x0000, 0x0000, 0x0000, 0x0000, 0x0000, 0x0000,
    0x0000, 0x0000, 0x0000, 0x0000, 0x0000, 0x0000, 0x0000, 0x0000, 0x0000, 0x0000,
    0x0000, 0x0000, 0xB5B6, 0xFFFF, 0xFFFF, 0x8430, 0x0000, 0x0020, 0x0000, 0x0000,
    0x0000, 0x0000, 0x0020, 0x0000, 0x8410, 0xFFFF, 0xFFFF, 0xB5B6, 0x0000, 0x0020,
    0x0000, 0x0000, 0x0000, 0x0000, 0x0020, 0x0020, 0x0000, 0x0000, 0x0000, 0x0000,
    0x0020, 0x0020, 0x0020, 0x0000, 0x0000, 0x0000, 0x0000, 0x0000, 0x0000, 0x0000,
    0x0000, 0x2945, 0xFFFF, 0xFFFF, 0xFFFF, 0xFFFF, 0xFFDF, 0xFFDF, 0xFFFF, 0xFFFF,
    0xFFDF, 0x18E3, 0x0000, 0x0841, 0xE71C, 0xFFFF, 0xFFDF, 0xFFFF, 0xFFFF, 0xFFFF,
    0xFFFF, 0xFFDF, 0xFFFF, 0x4228, 0x0000, 0x0000, 0xBDD7, 0xFFFF, 0xFFFF, 0xFFFF,
    0xFFFF, 0xFFFF, 0xFFFF, 0xC618, 0x2104, 0x2124, 0x2104, 0x2104, 0x2104, 0x2104,
    0x2104, 0x2104, 0x2104, 0x2104, 0x2104, 0x2104, 0x2104, 0x2104, 0x2104, 0x2104,
    0x2104, 0x2104, 0x2104, 0x2104, 0x39E7, 0xFFFF, 0xFFFF, 0xFFFF, 0x2945, 0x0000,
    0x0000, 0x0000, 0x0000, 0x0000, 0xBDF7, 0xDEFB, 0xDEDB, 0x18E3, 0x0000, 0x0000,
    0x0000, 0x0000, 0x0000, 0x0000, 0x0000, 0x0000, 0x9CD3, 0xDEFB, 0xDEFB, 0x4208,
    0x0000, 0x0000, 0xB5B6, 0xFFFF, 0xFFFF, 0xEF7D, 0xDEDB, 0xDEFB, 0x738E, 0x0000,
    0x0020, 0x0000, 0x0000, 0x0000, 0x1082, 0x2124, 0x2104, 0x52AA, 0xDEFB, 0xDEFB,
    0x9CF3, 0x0000, 0x0000, 0x4228, 0xDEFB, 0xDEFB, 0x94B2, 0x0000, 0x0000, 0x4A49,
    0xDEFB, 0xDEDB, 0xDEFB, 0xDEDB, 0xDEFB, 0xBDF7, 0x0000, 0x0000, 0x0000, 0x0000,
    0x0000, 0x2945, 0xFFFF, 0xFFFF, 0xFFFF, 0x4208, 0x2104, 0x2124, 0xE71C, 0xFFFF,
    0xFFDF, 0x18E3, 0x0000, 0x0000, 0x18E3, 0x2104, 0x2945, 0xEF5D, 0xFFFF, 0xFFFF,
    0x630C, 0x2104, 0x2124, 0x0841, 0x0000, 0x0000, 0xBDD7, 0xFFFF, 0xFFFF, 0xFFFF,
    0xFFFF, 0xFFFF, 0xFFFF, 0xBDD7, 0x0000, 0x0000, 0x0000, 0x0000, 0x0000, 0x0000,
    0x0000, 0x0000, 0x0000, 0x0000, 0x0000, 0x0000, 0x0000, 0x0000, 0x0000, 0x0000,
    0x0000, 0x0000, 0x0000, 0x0000, 0x18C3, 0xFFFF, 0xFFFF, 0xFFFF, 0x2945, 0x0000,
    0x0000, 0x0000, 0x0000, 0x0000, 0xE71C, 0xFFFF, 0xFFFF, 0x2104, 0x0000, 0x0000,
    0x0000, 0x0000, 0x0000, 0x0000, 0x0000, 0x0000, 0xB5B6, 0xFFFF, 0xFFFF, 0x4A69,
    0x0000, 0x0000, 0xB5B6, 0xFFFF, 0xFFFF, 0xFFFF, 0xFFFF, 0xFFFF, 0x8430, 0x0000,
    0x0000, 0x0000, 0x0000, 0x0000, 0x0000, 0x0000, 0x0000, 0x4228, 0xFFFF, 0xFFFF,
    0xBDD7, 0x0000, 0x0000, 0x4A69, 0xFFFF, 0xFFFF, 0xB596, 0x0000, 0x0000, 0x52AA,
    0xFFFF, 0xFFFF, 0xFFFF, 0xFFFF, 0xFFFF, 0xE73C, 0x0000, 0x0000, 0x0000, 0x0000,
    0x0000, 0x2945, 0xFFFF, 0xFFFF, 0xFFFF, 0x18E3, 0x0000, 0x0000, 0xDEFB, 0xFFFF,
    0xFFDF, 0x18E3, 0x0000, 0x0000, 0x0000, 0x0000, 0x0000, 0xE73C, 0xFFFF, 0xFFFF,
    0x4228, 0x0000, 0x0000, 0x0000, 0x0000, 0x0000, 0xBDD7, 0xFFFF, 0xFFFF, 0xFFFF,
    0xFFFF, 0xFFFF, 0xFFFF, 0xBDD7, 0x0000, 0x0020, 0x0000, 0x0020, 0x0020, 0x0020,
    0x0020, 0x0020, 0x0020, 0x0020, 0x0020, 0x0020, 0x0020, 0x0020, 0x0020, 0x0020,
    0x0020, 0x0020, 0x0020, 0x0000, 0x2124, 0xFFFF, 0xFFFF, 0xFFFF, 0x2945, 0x0000,
    0x0000, 0x0020, 0x0020, 0x0020, 0xDEDB, 0xFFFF, 0xFFDF, 0x2124, 0x0020, 0x0020,
    0x0000, 0x0000, 0x0000, 0x0000, 0x0000, 0x0000, 0xAD55, 0xFFDF, 0xFFDF, 0x4A69,
    0x0020, 0x0020, 0xB5B6, 0xFFFF, 0xFFFF, 0xFFFF, 0xF7BE, 0xFFDF, 0x8410, 0x0020,
    0x0841, 0x0020, 0x0020, 0x0020, 0x0000, 0x0020, 0x0000, 0x4228, 0xFFDF, 0xFFDF,
    0xB596, 0x0020, 0x0020, 0x528A, 0xFFFF, 0xFFFF, 0xAD75, 0x0000, 0x0000, 0x528A,
    0xFFFF, 0xFFDF, 0xFFFF, 0xF7BE, 0xFFDF, 0xD6BA, 0x0020, 0x0020, 0x0020, 0x0000,
    0x0000, 0x2945, 0xFFFF, 0xFFFF, 0xFFFF, 0x2945, 0x0020, 0x0861, 0xDEFB, 0xFFFF,
    0xFFDF, 0x18E3, 0x0000, 0x0000, 0x0020, 0x0020, 0x0861, 0xE71C, 0xFFDF, 0xFFDF,
    0x4A49, 0x0000, 0x0020, 0x0020, 0x0841, 0x0020, 0xBDD7, 0xFFFF, 0xFFFF, 0xFFFF,
    0xFFFF, 0xFFFF, 0xFFFF, 0xBDD7, 0x0000, 0x0000, 0x39E7, 0xE71C, 0xDEFB, 0xE71C,
    0xDEFB, 0xDEFB, 0xDEFB, 0xDEFB, 0xDEFB, 0xDEFB, 0xDEFB, 0xDEFB, 0xDEFB, 0xDEFB,
    0xE71C, 0xC638, 0x0020, 0x0000, 0x2104, 0xFFFF, 0xFFFF, 0xFFFF, 0x2945, 0x0000,
    0x0000, 0xBDF7, 0xDEFB, 0xDEFB, 0xFFDF, 0xFFFF, 0xFFFF, 0xE71C, 0xDEDB, 0xDEFB,
    0x4A49, 0x0000, 0x0020, 0x0000, 0x0000, 0x0000, 0x10A2, 0x2124, 0x2104, 0xA534,
    0xDEFB, 0xDEFB, 0xF7BE, 0xFFDF, 0xFFFF, 0x94B2, 0x18E3, 0x2104, 0x7BEF, 0xDEFB,
    0xDEFB, 0xDEFB, 0xDEFB, 0xE71C, 0x6B6D, 0x0000, 0x0020, 0x0841, 0x2104, 0x2104,
    0x5ACB, 0xDEFB, 0xDEFB, 0xEF5D, 0xFFDF, 0xFFFF, 0xAD75, 0x0000, 0x0000, 0x52AA,
    0xFFFF, 0xFFFF, 0xE71C, 0x2124, 0x2104, 0x39C7, 0xDEFB, 0xE71C, 0xBDF7, 0x0000,
    0x0000, 0x2945, 0xFFFF, 0xFFFF, 0xFFFF, 0xE71C, 0xDEFB, 0xE71C, 0xFFDF, 0xFFFF,
    0xFFDF, 0x18E3, 0x0000, 0x0020, 0xC638, 0xDEFB, 0xD6BA, 0x3186, 0x2104, 0x2104,
    0x0841, 0x0000, 0x0000, 0xA514, 0xE71C, 0xDEDB, 0xF7BE, 0xFFFF, 0xFFFF, 0xFFFF,
    0xFFFF, 0xFFFF, 0xFFFF, 0xBDD7, 0x0000, 0x0000, 0x4A49, 0xFFFF, 0xFFFF, 0xFFFF,
    0xFFFF, 0xFFFF, 0xFFFF, 0xFFFF, 0xFFFF, 0xFFFF, 0xFFFF, 0xFFFF, 0xFFFF, 0xFFFF,
    0xFFFF, 0xE73C, 0x0020, 0x0000, 0x2104, 0xFFFF, 0xFFFF, 0xFFFF, 0x2124, 0x0000,
    0x0000, 0xE71C, 0xFFFF, 0xFFFF, 0xFFFF, 0xFFFF, 0xFFFF, 0xFFFF, 0xFFFF, 0xFFFF,
    0x52AA, 0x0000, 0x0000, 0x0000, 0x0000, 0x0000, 0x0000, 0x0000, 0x0000, 0xB5B6,
    0xFFFF, 0xFFFF, 0xFFFF, 0xFFFF, 0xFFFF, 0x8410, 0x0000, 0x0000, 0x7BEF, 0xFFFF,
    0xFFFF, 0xFFFF, 0xFFFF, 0xFFFF, 0x7BEF, 0x0000, 0x0000, 0x0000, 0x0000, 0x0000,
    0x4228, 0xFFFF, 0xFFFF, 0xFFFF, 0xFFFF, 0xFFFF, 0xAD75, 0x0000, 0x0000, 0x52AA,
    0xFFFF, 0xFFFF, 0xDEFB, 0x0000, 0x0000, 0x18E3, 0xFFFF, 0xFFFF, 0xDEFB, 0x0000,
    0x0000, 0x2945, 0xFFFF, 0xFFFF, 0xFFFF, 0xFFFF, 0xFFFF, 0xFFFF, 0xFFFF, 0xFFFF,
    0xFFFF, 0x18E3, 0x0000, 0x0841, 0xEF5D, 0xFFFF, 0xFFFF, 0x1082, 0x0000, 0x0000,
    0x0000, 0x0000, 0x0000, 0xBDF7, 0xFFFF, 0xFFFF, 0xFFFF, 0xFFFF, 0xFFFF, 0xFFFF,
    0xFFFF, 0xFFFF, 0xFFFF, 0xBDD7, 0x0000, 0x0000, 0x4A49, 0xFFFF, 0xFFDF, 0xFFDF,
    0xF7BE, 0xF7BE, 0xF7BE, 0xF7BE, 0xF7BE, 0xF7BE, 0xF7BE, 0xF7BE, 0xFFDF, 0xFFDF,
    0xFFFF, 0xDEFB, 0x0020, 0x0000, 0x2104, 0xFFFF, 0xFFFF, 0xFFFF, 0x2965, 0x0020,
    0x0841, 0xD69A, 0xFFDF, 0xF7BE, 0xFFFF, 0xFFFF, 0xFFFF, 0xFFDF, 0xF79E, 0xFFDF,
    0x52AA, 0x0020, 0x0841, 0x0000, 0x0000, 0x0000, 0x0020, 0x0841, 0x0020, 0xB596,
    0xFFDF, 0xF7BE, 0xFFDF, 0xF7BE, 0xFFDF, 0x8430, 0x0020, 0x0020, 0x7BEF, 0xFFDF,
    0xF79E, 0xFFDF, 0xFFDF, 0xFFFF, 0x7BEF, 0x0020, 0x0841, 0x0020, 0x0841, 0x0020,
    0x4A69, 0xFFDF, 0xF7BE, 0xF7BE, 0xF7BE, 0xFFDF, 0xAD55, 0x0000, 0x0000, 0x52AA,
    0xFFFF, 0xFFFF, 0xDEFB, 0x0861, 0x0020, 0x2945, 0xFFDF, 0xFFFF, 0xDEDB, 0x0000,
    0x0000, 0x2124, 0xFFDF, 0xFFDF, 0xFFDF, 0xF7BE, 0xF7BE, 0xF7BE, 0xF7BE, 0xFFDF,
    0xF7BE, 0x18E3, 0x0000, 0x0841, 0xDEDB, 0xFFDF, 0xEF7D, 0x2104, 0x0020, 0x0841,
    0x0020, 0x0841, 0x0020, 0xB596, 0xFFDF, 0xF7BE, 0xFFFF, 0xFFFF, 0xFFFF, 0xFFFF,
    0xFFFF, 0xFFFF, 0xFFFF, 0xBDD7, 0x0000, 0x0000, 0x4A49, 0xFFFF, 0xFFFF, 0xBDF7,
    0x18E3, 0x2104, 0x18E3, 0x18E3, 0x18E3, 0x18E3, 0x18E3, 0x18E3, 0x39C7, 0xFFDF,
    0xFFFF, 0xDEFB, 0x0020, 0x0000, 0x2104, 0xFFFF, 0xFFFF, 0xFFFF, 0xE73C, 0xE71C,
    0xE71C, 0x39C7, 0x18E3, 0x2104, 0xDEFB, 0xFFFF, 0xFFDF, 0x39C7, 0x18E3, 0x18E3,
    0xA514, 0xE71C, 0xE71C, 0x4A49, 0x0000, 0x0000, 0x9CF3, 0xE71C, 0xE71C, 0x5ACB,
    0x18E3, 0x18E3, 0x18E3, 0x2104, 0x18E3, 0x7BCF, 0xE71C, 0xE71C, 0x8410, 0x18E3,
    0x18E3, 0x8C71, 0xFFFF, 0xFFDF, 0xEF7D, 0xE71C, 0xE71C, 0xE71C, 0xDEFB, 0xE71C,
    0xAD55, 0x18E3, 0x18E3, 0x18E3, 0x18E3, 0x18E3, 0x10A2, 0x0020, 0x0000, 0x52AA,
    0xFFFF, 0xFFDF, 0xFFDF, 0xE71C, 0xE71C, 0xE73C, 0xFFFF, 0xFFFF, 0xDEDB, 0x0000,
    0x0000, 0x0020, 0x18E3, 0x18E3, 0x18E3, 0x18E3, 0x18E3, 0x18E3, 0x18E3, 0x18E3,
    0x18E3, 0x0000, 0x0000, 0x0000, 0x18C3, 0x18E3, 0x2124, 0xCE79, 0xE71C, 0xE71C,
    0xE71C, 0xE71C, 0xE71C, 0x52AA, 0x18E3, 0x18E3, 0xC618, 0xFFFF, 0xFFFF, 0xFFFF,
    0xFFFF, 0xFFFF, 0xFFFF, 0xBDD7, 0x0000, 0x0000, 0x4A49, 0xFFFF, 0xFFFF, 0xB596,
    0x0000, 0x0000, 0x0000, 0x0000, 0x0000, 0x0000, 0x0000, 0x0000, 0x18C3, 0xFFDF,
    0xFFFF, 0xDEFB, 0x0020, 0x0000, 0x2104, 0xFFFF, 0xFFFF, 0xFFFF, 0xFFFF, 0xFFFF,
    0xFFFF, 0x2104, 0x0000, 0x0000, 0xDEDB, 0xFFFF, 0xFFDF, 0x18C3, 0x0000, 0x0000,
    0xAD75, 0xFFFF, 0xFFFF, 0x528A, 0x0000, 0x0000, 0xB5B6, 0xFFFF, 0xFFFF, 0x4A49,
    0x0000, 0x0000, 0x0000, 0x0000, 0x0000, 0x7BCF, 0xFFFF, 0xFFFF, 0x8410, 0x0000,
    0x0000, 0x7BEF, 0xFFFF, 0xFFFF, 0xFFFF, 0xFFFF, 0xFFFF, 0xFFFF, 0xFFFF, 0xFFFF,
    0xBDD7, 0x0000, 0x0000, 0x0000, 0x0000, 0x0000, 0x0000, 0x0000, 0x0000, 0x528A,
    0xFFFF, 0xFFFF, 0xFFFF, 0xFFFF, 0xFFFF, 0xFFFF, 0xFFFF, 0xFFFF, 0xDEFB, 0x0000,
    0x0000, 0x0000, 0x0000, 0x0000, 0x0000, 0x0000, 0x0000, 0x0000, 0x0000, 0x0000,
    0x0000, 0x0000, 0x0000, 0x0000, 0x0000, 0x0000, 0x0000, 0xEF5D, 0xFFFF, 0xFFFF,
    0xFFFF, 0xFFFF, 0xFFFF, 0x4208, 0x0000, 0x0000, 0xB5B6, 0xFFFF, 0xFFFF, 0xFFFF,
    0xFFFF, 0xFFFF, 0xFFFF, 0xBDD7, 0x0000, 0x0000, 0x4A49, 0xFFFF, 0xFFFF, 0xB5B6,
    0x0000, 0x0020, 0x0000, 0x0000, 0x0000, 0x0000, 0x0020, 0x0000, 0x18E3, 0xFFDF,
    0xFFFF, 0xDEFB, 0x0020, 0x0000, 0x2104, 0xFFFF, 0xFFFF, 0xFFFF, 0xF7BE, 0xF7BE,
    0xF7BE, 0x2124, 0x0000, 0x0020, 0xDEDB, 0xFFFF, 0xFFDF, 0x2104, 0x0000, 0x0000,
    0xAD55, 0xFFFF, 0xFFFF, 0x52AA, 0x0020, 0x0020, 0xB596, 0xFFFF, 0xFFFF, 0x4A69,
    0x0000, 0x0020, 0x0000, 0x0020, 0x0000, 0x7BCF, 0xFFFF, 0xFFFF, 0x8410, 0x0000,
    0x0000, 0x7BEF, 0xFFDF, 0xF79E, 0xF7BE, 0xF7BE, 0xF7BE, 0xF7BE, 0xF79E, 0xF7BE,
    0xAD75, 0x0000, 0x0020, 0x0000, 0x0000, 0x0000, 0x0020, 0x0861, 0x0020, 0x52AA,
    0xFFDF, 0xF79E, 0xF7BE, 0xF7BE, 0xF7BE, 0xF7BE, 0xF7BE, 0xFFDF, 0xD69A, 0x0000,
    0x0000, 0x0000, 0x0000, 0x0000, 0x0000, 0x0000, 0x0000, 0x0000, 0x0000, 0x0000,
    0x0000, 0x0000, 0x0000, 0x0000, 0x0841, 0x0841, 0x1082, 0xE73C, 0xFFFF, 0xFFFF,
    0xFFFF, 0xFFDF, 0xFFFF, 0x4A69, 0x0841, 0x0841, 0xBDF7, 0xFFFF, 0xFFFF, 0xFFFF,
    0xFFFF, 0xFFFF, 0xFFFF, 0xBDD7, 0x0000, 0x0000, 0x4A49, 0xFFFF, 0xFFFF, 0xB5B6,
    0x0000, 0x0000, 0x0000, 0x0000, 0x0000, 0x0000, 0x0000, 0x0000, 0x18E3, 0xFFDF,
    0xFFFF, 0xDEFB, 0x0020, 0x0000, 0x2104, 0xFFFF, 0xFFFF, 0xFFFF, 0x4208, 0x18E3,
    0x18E3, 0x0020, 0x0000, 0x0000, 0xDEDB, 0xFFFF, 0xFFDF, 0x2104, 0x0000, 0x0000,
    0xAD55, 0xFFFF, 0xFFDF, 0xEF7D, 0xE71C, 0xE71C, 0xF7BE, 0xFFFF, 0xFFFF, 0x4A69,
    0x0000, 0x0000, 0x0000, 0x0020, 0x0000, 0x7BCF, 0xFFFF, 0xFFFF, 0x8410, 0x0000,
    0x0020, 0x0861, 0x18E3, 0x18C3, 0x18C3, 0x18C3, 0x18C3, 0x18C3, 0x18C3, 0x18E3,
    0x1082, 0x0000, 0x0000, 0x0000, 0x0020, 0x0000, 0x4A49, 0xE73C, 0xE71C, 0xA514,
    0x18E3, 0x18E3, 0x18E3, 0x18E3, 0x18E3, 0x18C3, 0x18C3, 0x18E3, 0x10A2, 0x0000,
    0x0000, 0x0000, 0x0000, 0x0000, 0x0000, 0x0000, 0x0000, 0x0000, 0x0000, 0x0000,
    0x0000, 0x0000, 0x0000, 0x0020, 0xCE59, 0xE73C, 0xE71C, 0xFFFF, 0xFFFF, 0xFFFF,
    0xFFFF, 0xFFFF, 0xFFFF, 0xEF5D, 0xE71C, 0xE71C, 0xF7BE, 0xFFFF, 0xFFFF, 0xFFFF,
    0xFFFF, 0xFFFF, 0xFFFF, 0xBDD7, 0x0000, 0x0000, 0x4A49, 0xFFFF, 0xFFFF, 0xB5B6,
    0x0000, 0x0000, 0x0000, 0x0000, 0x0000, 0x0000, 0x0000, 0x0000, 0x18E3, 0xFFDF,
    0xFFFF, 0xDEFB, 0x0020, 0x0000, 0x2104, 0xFFFF, 0xFFFF, 0xFFFF, 0x2104, 0x0000,
    0x0000, 0x0000, 0x0000, 0x0000, 0xDEDB, 0xFFFF, 0xFFDF, 0x18E3, 0x0000, 0x0000,
    0xAD55, 0xFFFF, 0xFFFF, 0xFFFF, 0xFFFF, 0xFFFF, 0xFFFF, 0xFFFF, 0xFFFF, 0x4A69,
    0x0000, 0x0000, 0x0000, 0x0000, 0x0000, 0x7BCF, 0xFFFF, 0xFFFF, 0x8410, 0x0000,
    0x0000, 0x0000, 0x0000, 0x0000, 0x0000, 0x0000, 0x0000, 0x0000, 0x0000, 0x0000,
    0x0000, 0x0000, 0x0000, 0x0000, 0x0000, 0x0000, 0x528A, 0xFFFF, 0xFFFF, 0xAD75,
    0x0000, 0x0000, 0x0000, 0x0000, 0x0000, 0x0000, 0x0000, 0x0000, 0x0000, 0x0000,
    0x0000, 0x0000, 0x0000, 0x0000, 0x0000, 0x0000, 0x0000, 0x0000, 0x0000, 0x0000,
    0x0000, 0x0000, 0x0000, 0x0020, 0xEF5D, 0xFFFF, 0xFFFF, 0xFFFF, 0xFFFF, 0xFFFF,
    0xFFFF, 0xFFFF, 0xFFFF, 0xFFFF, 0xFFFF, 0xFFFF, 0xFFFF, 0xFFFF, 0xFFFF, 0xFFFF,
    0xFFFF, 0xFFFF, 0xFFFF, 0xBDD7, 0x0000, 0x0000, 0x4A49, 0xFFFF, 0xFFFF, 0xB5B6,
    0x0000, 0x0000, 0x0000, 0x0000, 0x0000, 0x0000, 0x0000, 0x0000, 0x18E3, 0xFFDF,
    0xFFFF, 0xDEFB, 0x0020, 0x0000, 0x2104, 0xFFFF, 0xFFFF, 0xFFFF, 0x3186, 0x0841,
    0x0861, 0x0000, 0x0000, 0x0000, 0xDEDB, 0xFFFF, 0xFFDF, 0x2945, 0x0841, 0x0841,
    0xA534, 0xF7BE, 0xF79E, 0xFFDF, 0xFFFF, 0xFFFF, 0xFFFF, 0xFFFF, 0xFFFF, 0x4A69,
    0x0000, 0x0000, 0x0020, 0x0861, 0x0841, 0x7BCF, 0xF7BE, 0xF7BE, 0x8410, 0x0841,
    0x0861, 0x0841, 0x0841, 0x0861, 0x0020, 0x0000, 0x0000, 0x0020, 0x0841, 0x0841,
    0x0841, 0x0000, 0x0000, 0x0000, 0x0861, 0x0841, 0x52AA, 0xF7BE, 0xF7BE, 0xA534,
    0x0841, 0x0861, 0x0841, 0x0841, 0x0841, 0x0841, 0x0000, 0x0000, 0x0000, 0x0841,
    0x0841, 0x0841, 0x0841, 0x0841, 0x0841, 0x0841, 0x0841, 0x0841, 0x0841, 0x0841,
    0x0841, 0x0000, 0x0000, 0x0020, 0xE71C, 0xFFFF, 0xFFFF, 0xFFFF, 0xFFFF, 0xFFFF,
    0xFFFF, 0xFFFF, 0xFFFF, 0xF7BE, 0xF7BE, 0xF7BE, 0xFFFF, 0xFFFF, 0xFFFF, 0xFFFF,
    0xFFFF, 0xFFFF, 0xFFFF, 0xBDD7, 0x0000, 0x0000, 0x4A49, 0xFFFF, 0xFFFF, 0xB5B6,
    0x0000, 0x0000, 0x0000, 0x0000, 0x0000, 0x0000, 0x0000, 0x0000, 0x18E3, 0xFFDF,
    0xFFFF, 0xDEFB, 0x0020, 0x0000, 0x2104, 0xFFFF, 0xFFFF, 0xFFFF, 0xEF5D, 0xE73C,
    0xE73C, 0x2104, 0x0000, 0x0020, 0xDEDB, 0xFFFF, 0xFFFF, 0xEF5D, 0xE71C, 0xE73C,
    0x5AEB, 0x18C3, 0x18C3, 0xB5B6, 0xFFFF, 0xFFDF, 0xFFFF, 0xFFFF, 0xFFFF, 0x4A69,
    0x0000, 0x0000, 0xA534, 0xE73C, 0xE73C, 0x8430, 0x18C3, 0x18C3, 0x7BEF, 0xE73C,
    0xE71C, 0xE73C, 0xE71C, 0xE73C, 0x6B6D, 0x0000, 0x0000, 0x4208, 0xE73C, 0xE73C,
    0xA514, 0x0000, 0x0000, 0x4228, 0xE73C, 0xE73C, 0xA534, 0x18C3, 0x18C3, 0x5AEB,
    0xE73C, 0xE71C, 0xE73C, 0xE73C, 0xE73C, 0xC638, 0x0020, 0x0000, 0x2104, 0xE73C,
    0xE73C, 0xE73C, 0xE73C, 0xE73C, 0xE73C, 0xE73C, 0xE73C, 0xE73C, 0xE73C, 0xE73C,
    0xE71C, 0x18E3, 0x0000, 0x0841, 0xE71C, 0xFFFF, 0xFFFF, 0xFFFF, 0xFFFF, 0xFFFF,
    0xFFFF, 0xFFFF, 0xFFFF, 0x5ACB, 0x18C3, 0x18C3, 0xC618, 0xFFFF, 0xFFFF, 0xFFFF,
    0xFFFF, 0xFFFF, 0xFFFF, 0xBDD7, 0x0000, 0x0000, 0x4A49, 0xFFFF, 0xFFFF, 0xB5B6,
    0x0000, 0x0020, 0x0000, 0x0000, 0x0000, 0x0000, 0x0020, 0x0000, 0x2104, 0xFFDF,
    0xFFFF, 0xDEFB, 0x0020, 0x0000, 0x2104, 0xFFFF, 0xFFFF, 0xFFFF, 0xFFFF, 0xFFFF,
    0xFFFF, 0x2945, 0x0000, 0x0020, 0xDEDB, 0xFFFF, 0xFFFF, 0xFFFF, 0xFFFF, 0xFFFF,
    0x52AA, 0x0000, 0x0000, 0xAD75, 0xFFFF, 0xFFDF, 0xFFFF, 0xFFDF, 0xFFFF, 0x4A69,
    0x0000, 0x0000, 0xBDD7, 0xFFFF, 0xFFFF, 0x8430, 0x0000, 0x0000, 0x7BEF, 0xFFFF,
    0xFFFF, 0xFFFF, 0xFFFF, 0xFFFF, 0x7BEF, 0x0000, 0x0000, 0x4A49, 0xFFFF, 0xFFFF,
    0xB5B6, 0x0000, 0x0000, 0x528A, 0xFFFF, 0xFFFF, 0xB596, 0x0000, 0x0000, 0x52AA,
    0xFFFF, 0xFFFF, 0xFFFF, 0xFFFF, 0xFFFF, 0xDEFB, 0x0020, 0x0000, 0x2124, 0xFFFF,
    0xFFFF, 0xFFFF, 0xFFFF, 0xFFFF, 0xFFFF, 0xFFFF, 0xFFFF, 0xFFFF, 0xFFFF, 0xFFFF,
    0xFFFF, 0x2104, 0x0000, 0x0841, 0xE71C, 0xFFFF, 0xFFDF, 0xFFFF, 0xFFFF, 0xFFFF,
    0xFFFF, 0xFFDF, 0xFFFF, 0x4208, 0x0000, 0x0000, 0xBDD7, 0xFFFF, 0xFFFF, 0xFFFF,
    0xFFFF, 0xFFFF, 0xFFFF, 0xBDD7, 0x0000, 0x0000, 0x4A49, 0xFFFF, 0xFFFF, 0xB596,
    0x0000, 0x0000, 0x0000, 0x0000, 0x0000, 0x0000, 0x0000, 0x0000, 0x1082, 0xFFDF,
    0xFFFF, 0xDEFB, 0x0020, 0x0000, 0x2104, 0xFFFF, 0xFFFF, 0xFFFF, 0xFFFF, 0xFFFF,
    0xFFFF, 0x18E3, 0x0000, 0x0000, 0xDEDB, 0xFFFF, 0xFFFF, 0xFFFF, 0xFFFF, 0xFFFF,
    0x528A, 0x0000, 0x0000, 0xAD55, 0xFFFF, 0xFFDF, 0xFFFF, 0xFFFF, 0xFFFF, 0x4228,
    0x0000, 0x0000, 0xB596, 0xFFFF, 0xFFFF, 0x7BEF, 0x0000, 0x0000, 0x73AE, 0xFFFF,
    0xFFDF, 0xFFFF, 0xFFDF, 0xFFFF, 0x738E, 0x0000, 0x0000, 0x4208, 0xFFFF, 0xFFFF,
    0xBDF7, 0x0000, 0x0000, 0x4A69, 0xFFFF, 0xFFFF, 0xAD55, 0x0000, 0x0000, 0x4A69,
    0xFFFF, 0xFFDF, 0xFFFF, 0xFFFF, 0xFFFF, 0xE73C, 0x0020, 0x0000, 0x2945, 0xFFFF,
    0xFFFF, 0xFFFF, 0xFFFF, 0xFFFF, 0xFFFF, 0xFFFF, 0xFFFF, 0xFFFF, 0xFFFF, 0xFFFF,
    0xFFDF, 0x1082, 0x0000, 0x0000, 0xEF7D, 0xFFFF, 0xFFFF, 0xFFFF, 0xFFFF, 0xFFFF,
    0xFFFF, 0xFFFF, 0xFFFF, 0x4A69, 0x0000, 0x0000, 0xBDD7, 0xFFFF, 0xFFFF, 0xFFFF,
    0xFFFF, 0xFFFF, 0xFFFF, 0xBDD7, 0x0000, 0x0000, 0x4A49, 0xFFFF, 0xFFFF, 0xEF5D,
    0xB5B6, 0xB5B6, 0xB5B6, 0xB5B6, 0xB5B6, 0xB5B6, 0xB5B6, 0xB5B6, 0xBDF7, 0xFFDF,
    0xFFFF, 0xDEFB, 0x0020, 0x0000, 0x2104, 0xFFFF, 0xFFFF, 0xFFFF, 0x632C, 0x4A49,
    0x4A49, 0xA534, 0xB5B6, 0xB5B6, 0xF7BE, 0xFFFF, 0xFFFF, 0x630C, 0x4A49, 0x4A49,
    0x9492, 0xB5B6, 0xB596, 0xE73C, 0xFFFF, 0xFFFF, 0x8410, 0x4A49, 0x4A49, 0x94B2,
    0xB5B6, 0xB596, 0xEF5D, 0xFFFF, 0xFFFF, 0xDEFB, 0xB5B6, 0xB5B6, 0xDEDB, 0xFFFF,
    0xFFFF, 0xFFFF, 0xFFFF, 0xFFFF, 0xDEDB, 0xB596, 0xB5B6, 0x94B2, 0x4A49, 0x4A69,
    0x31A6, 0x0000, 0x0000, 0x4A69, 0xFFFF, 0xFFFF, 0xEF5D, 0xB5B6, 0xB5B6, 0xCE79,
    0xFFFF, 0xFFFF, 0xE73C, 0x4A69, 0x4A49, 0x4208, 0x0000, 0x0000, 0x0841, 0x4A49,
    0x4A49, 0x4A49, 0x4A49, 0x4A49, 0x4A49, 0xE73C, 0xFFFF, 0xFFFF, 0xFFFF, 0xFFFF,
    0xFFFF, 0xBDF7, 0xB5B6, 0xB596, 0x52AA, 0x4A49, 0x4A49, 0x4A49, 0x4A49, 0x4A49,
    0x4A49, 0x4A49, 0x4A49, 0x10A2, 0x0000, 0x0000, 0xBDD7, 0xFFFF, 0xFFFF, 0xFFFF,
    0xFFFF, 0xFFFF, 0xFFFF, 0xBDD7, 0x0000, 0x0000, 0x4228, 0xFFFF, 0xFFDF, 0xFFFF,
    0xFFFF, 0xFFFF, 0xFFFF, 0xFFFF, 0xFFFF, 0xFFFF, 0xFFFF, 0xFFFF, 0xFFFF, 0xFFDF,
    0xFFFF, 0xDEFB, 0x0020, 0x0000, 0x2104, 0xFFFF, 0xFFFF, 0xFFFF, 0x18E3, 0x0000,
    0x0000, 0xE71C, 0xFFFF, 0xFFFF, 0xFFFF, 0xFFFF, 0xFFDF, 0x10A2, 0x0000, 0x0000,
    0xAD75, 0xFFFF, 0xFFFF, 0xFFFF, 0xFFFF, 0xFFFF, 0x4228, 0x0000, 0x0000, 0xBDD7,
    0xFFFF, 0xFFFF, 0xFFFF, 0xFFFF, 0xFFFF, 0xFFFF, 0xFFFF, 0xFFFF, 0xFFFF, 0xFFFF,
    0xFFFF, 0xFFFF, 0xFFFF, 0xFFFF, 0xFFFF, 0xFFFF, 0xFFFF, 0xBDF7, 0x0000, 0x0000,
    0x0000, 0x0020, 0x0000, 0x528A, 0xFFFF, 0xFFFF, 0xFFFF, 0xFFFF, 0xFFFF, 0xFFFF,
    0xFFDF, 0xFFFF, 0xDEDB, 0x0000, 0x0000, 0x0000, 0x0000, 0x0000, 0x0000, 0x0000,
    0x0000, 0x0000, 0x0000, 0x0000, 0x0000, 0xDEDB, 0xFFFF, 0xFFDF, 0xFFFF, 0xFFFF,
    0xFFFF, 0xFFFF, 0xFFFF, 0xFFFF, 0x1082, 0x0000, 0x0000, 0x0000, 0x0000, 0x0000,
    0x0000, 0x0000, 0x0000, 0x0000, 0x0000, 0x0000, 0xBDD7, 0xFFFF, 0xFFFF, 0xFFFF,
    0xFFFF, 0xFFFF, 0xFFFF, 0xBDD7, 0x0000, 0x0000, 0x4A69, 0xFFFF, 0xFFFF, 0xFFFF,
    0xFFFF, 0xFFFF, 0xFFFF, 0xFFFF, 0xFFFF, 0xFFFF, 0xFFFF, 0xFFFF, 0xFFFF, 0xFFFF,
    0xFFFF, 0xEF5D, 0x0020, 0x0000, 0x2104, 0xFFFF, 0xFFFF, 0xFFFF, 0x2104, 0x0000,
    0x0000, 0xDEFB, 0xFFFF, 0xFFFF, 0xFFFF, 0xFFFF, 0xFFFF, 0x2124, 0x0000, 0x0000,
    0xB596, 0xFFFF, 0xFFFF, 0xFFFF, 0xFFFF, 0xFFFF, 0x4A49, 0x0000, 0x0000, 0xB5B6,
    0xFFFF, 0xFFFF, 0xFFFF, 0xFFFF, 0xFFFF, 0xFFFF, 0xFFFF, 0xFFFF, 0xFFFF, 0xFFFF,
    0xFFFF, 0xFFFF, 0xFFFF, 0xFFFF, 0xFFFF, 0xFFFF, 0xFFFF, 0xBDD7, 0x0000, 0x0000,
    0x0000, 0x0000, 0x0000, 0x4228, 0xFFFF, 0xFFFF, 0xFFFF, 0xFFFF, 0xFFFF, 0xFFFF,
    0xFFFF, 0xFFFF, 0xEF5D, 0x0020, 0x0000, 0x0020, 0x0000, 0x0000, 0x0000, 0x0000,
    0x0000, 0x0000, 0x0000, 0x0000, 0x0000, 0xE73C, 0xFFFF, 0xFFFF, 0xFFFF, 0xFFFF,
    0xFFFF, 0xFFFF, 0xFFFF, 0xFFFF, 0x10A2, 0x0000, 0x0000, 0x0000, 0x0000, 0x0000,
    0x0000, 0x0000, 0x0000, 0x0000, 0x0000, 0x0000, 0xBDD7, 0xFFFF, 0xFFFF, 0xFFFF,
    0xFFFF, 0xFFFF, 0xFFFF, 0xBDD7, 0x0000, 0x0000, 0x10A2, 0x4A49, 0x4228, 0x4228,
    0x4228, 0x4228, 0x4228, 0x4228, 0x4228, 0x4228, 0x4228, 0x4228, 0x4228, 0x4228,
    0x4A49, 0x39E7, 0x0000, 0x0000, 0x2104, 0xFFFF, 0xFFFF, 0xFFFF, 0xC638, 0xB5B6,
    0xBDD7, 0x5ACB, 0x4A49, 0x4228, 0x4228, 0x4228, 0x4228, 0x0841, 0x0000, 0x0000,
    0x2965, 0x4A49, 0x4228, 0xC638, 0xFFFF, 0xFFFF, 0xCE79, 0xB5B6, 0xB5B6, 0x6B4D,
    0x4A49, 0x4A49, 0x4228, 0x4228, 0x4228, 0x4228, 0x4228, 0x4228, 0x4228, 0x4228,
    0x4228, 0x4228, 0x4228, 0x4228, 0x4228, 0x4A49, 0x4A49, 0x632C, 0xB5B6, 0xB5B6,
    0xBDD7, 0xBDD7, 0xB5B6, 0xCE79, 0xFFFF, 0xFFFF, 0xFFFF, 0xFFFF, 0xFFFF, 0xC618,
    0x4228, 0x4A49, 0x39E7, 0x0000, 0x0000, 0x0000, 0x0000, 0x0000, 0x18C3, 0xBDD7,
    0xBDD7, 0xBDD7, 0xBDD7, 0xBDD7, 0xBDD7, 0x52AA, 0x4A49, 0x4A49, 0xE73C, 0xFFFF,
    0xFFDF, 0x5AEB, 0x4228, 0x4A49, 0xAD75, 0xB5B6, 0xBDD7, 0xBDD7, 0xB5B6, 0xBDD7,
    0x31A6, 0x0000, 0x0000, 0x0000, 0x0000, 0x0000, 0xBDD7, 0xFFFF, 0xFFFF, 0xFFFF,
    0xFFFF, 0xFFFF, 0xFFFF, 0xBDD7, 0x0000, 0x0020, 0x0000, 0x0000, 0x0000, 0x0000,
    0x0000, 0x0000, 0x0000, 0x0000, 0x0000, 0x0000, 0x0000, 0x0000, 0x0000, 0x0000,
    0x0000, 0x0000, 0x0020, 0x0000, 0x2124, 0xFFFF, 0xFFFF, 0xFFFF, 0xFFFF, 0xFFFF,
    0xFFFF, 0x18E3, 0x0000, 0x0000, 0x0000, 0x0000, 0x0000, 0x0000, 0x0000, 0x0000,
    0x0000, 0x0000, 0x0000, 0xAD55, 0xFFFF, 0xFFDF, 0xFFFF, 0xFFFF, 0xFFFF, 0x4A49,
    0x0000, 0x0000, 0x0000, 0x0000, 0x0000, 0x0000, 0x0000, 0x0000, 0x0000, 0x0000,
    0x0000, 0x0000, 0x0000, 0x0000, 0x0000, 0x0000, 0x0000, 0x4208, 0xFFFF, 0xFFFF,
    0xFFFF, 0xFFFF, 0xFFFF, 0xFFFF, 0xFFFF, 0xFFFF, 0xFFFF, 0xFFDF, 0xFFFF, 0xA534,
    0x0000, 0x0000, 0x0000, 0x0000, 0x0000, 0x0000, 0x0020, 0x0000, 0x2945, 0xFFFF,
    0xFFFF, 0xFFFF, 0xFFFF, 0xFFFF, 0xFFFF, 0x18E3, 0x0000, 0x0000, 0xDEFB, 0xFFFF,
    0xFFDF, 0x10A2, 0x0000, 0x0000, 0xEF7D, 0xFFFF, 0xFFFF, 0xFFFF, 0xFFFF, 0xFFFF,
    0x528A, 0x0000, 0x0020, 0x0000, 0x0020, 0x0000, 0xBDD7, 0xFFFF, 0xFFFF, 0xFFFF,
    0xFFFF, 0xFFFF, 0xFFFF, 0xB5B6, 0x0000, 0x0000, 0x0000, 0x0000, 0x0000, 0x0000,
    0x0000, 0x0000, 0x0000, 0x0000, 0x0000, 0x0000, 0x0000, 0x0000, 0x0000, 0x0000,
    0x0000, 0x0000, 0x0000, 0x0000, 0x18C3, 0xFFFF, 0xFFFF, 0xFFFF, 0xFFFF, 0xFFFF,
    0xFFFF, 0x18E3, 0x0000, 0x0000, 0x0000, 0x0000, 0x0000, 0x0000, 0x0000, 0x0000,
    0x0000, 0x0000, 0x0000, 0xAD55, 0xFFFF, 0xFFDF, 0xFFFF, 0xFFDF, 0xFFFF, 0x4228,
    0x0000, 0x0000, 0x0000, 0x0000, 0x0000, 0x0000, 0x0000, 0x0000, 0x0000, 0x0000,
    0x0000, 0x0000, 0x0000, 0x0000, 0x0000, 0x0000, 0x0000, 0x4208, 0xFFFF, 0xFFDF,
    0xFFFF, 0xFFFF, 0xFFFF, 0xFFFF, 0xFFFF, 0xFFFF, 0xFFFF, 0xFFDF, 0xFFFF, 0xAD55,
    0x0000, 0x0000, 0x0000, 0x0000, 0x0000, 0x0000, 0x0000, 0x0000, 0x18C3, 0xFFDF,
    0xFFFF, 0xFFDF, 0xFFDF, 0xFFFF, 0xFFDF, 0x18E3, 0x0000, 0x0000, 0xDEFB, 0xFFFF,
    0xFFDF, 0x10A2, 0x0000, 0x0000, 0xDEFB, 0xFFFF, 0xFFDF, 0xFFFF, 0xFFDF, 0xFFFF,
    0x4208, 0x0000, 0x0000, 0x0000, 0x0000, 0x0000, 0xB5B6, 0xFFFF, 0xFFFF, 0xFFFF,
    0xFFFF, 0xFFFF, 0xFFFF, 0xEF7D, 0xBDD7, 0xBDF7, 0xBDD7, 0xBDD7, 0xBDD7, 0xBDD7,
    0xBDD7, 0xBDD7, 0xBDD7, 0xBDD7, 0xBDD7, 0xBDD7, 0xBDD7, 0xBDD7, 0xBDD7, 0xBDD7,
    0xBDD7, 0xBDD7, 0xBDF7, 0xBDD7, 0xC638, 0xFFFF, 0xFFFF, 0xFFFF, 0xFFFF, 0xFFFF,
    0xFFFF, 0xC638, 0xBDD7, 0xBDF7, 0xBDD7, 0xBDD7, 0xBDD7, 0xBDD7, 0xBDD7, 0xBDD7,
    0xBDD7, 0xBDF7, 0xBDD7, 0xEF5D, 0xFFFF, 0xFFFF, 0xFFFF, 0xFFFF, 0xFFFF, 0xD69A,
    0xBDD7, 0xBDF7, 0xBDD7, 0xBDD7, 0xBDD7, 0xBDD7, 0xBDD7, 0xBDD7, 0xBDD7, 0xBDD7,
    0xBDD7, 0xBDD7, 0xBDD7, 0xBDD7, 0xBDD7, 0xBDF7, 0xBDD7, 0xCE79, 0xFFFF, 0xFFFF,
    0xFFFF, 0xFFFF, 0xFFFF, 0xFFFF, 0xFFFF, 0xFFFF, 0xFFFF, 0xFFFF, 0xFFFF, 0xEF5D,
    0xBDD7, 0xBDF7, 0xBDD7, 0xBDD7, 0xBDD7, 0xBDD7, 0xBDF7, 0xBDD7, 0xC638, 0xFFFF,
    0xFFFF, 0xFFFF, 0xFFFF, 0xFFFF, 0xFFFF, 0xC638, 0xBDD7, 0xBDF7, 0xF7BE, 0xFFFF,
    0xFFFF, 0xC638, 0xBDD7, 0xBDF7, 0xFFDF, 0xFFFF, 0xFFFF, 0xFFFF, 0xFFFF, 0xFFFF,
    0xCE79, 0xBDD7, 0xBDF7, 0xBDD7, 0xBDF7, 0xBDD7, 0xEF7D, 0xFFFF, 0xFFFF, 0xFFFF,
    0xFFFF, 0xFFFF, 0xFFFF, 0xFFFF, 0xFFFF, 0xFFFF, 0xFFFF, 0xFFFF, 0xFFFF, 0xFFFF,
    0xFFFF, 0xFFFF, 0xFFFF, 0xFFFF, 0xFFFF, 0xFFFF, 0xFFFF, 0xFFFF, 0xFFFF, 0xFFFF,
    0xFFFF, 0xFFFF, 0xFFFF, 0xFFFF, 0xFFFF, 0xFFFF, 0xFFFF, 0xFFFF, 0xFFFF, 0xFFFF,
    0xFFFF, 0xFFFF, 0xFFFF, 0xFFFF, 0xFFFF, 0xFFFF, 0xFFFF, 0xFFFF, 0xFFFF, 0xFFFF,
    0xFFFF, 0xFFFF, 0xFFFF, 0xFFFF, 0xFFFF, 0xFFFF, 0xFFFF, 0xFFFF, 0xFFFF, 0xFFFF,
    0xFFFF, 0xFFFF, 0xFFFF, 0xFFFF, 0xFFFF, 0xFFFF, 0xFFFF, 0xFFFF, 0xFFFF, 0xFFFF,
    0xFFFF, 0xFFFF, 0xFFFF, 0xFFFF, 0xFFFF, 0xFFFF, 0xFFFF, 0xFFFF, 0xFFFF, 0xFFFF,
    0xFFFF, 0xFFFF, 0xFFFF, 0xFFFF, 0xFFFF, 0xFFFF, 0xFFFF, 0xFFFF, 0xFFFF, 0xFFFF,
    0xFFFF, 0xFFFF, 0xFFFF, 0xFFFF, 0xFFFF, 0xFFFF, 0xFFFF, 0xFFFF, 0xFFFF, 0xFFFF,
    0xFFFF, 0xFFFF, 0xFFFF, 0xFFFF, 0xFFFF, 0xFFFF, 0xFFFF, 0xFFFF, 0xFFFF, 0xFFFF,
    0xFFFF, 0xFFFF, 0xFFFF, 0xFFFF, 0xFFFF, 0xFFFF, 0xFFFF, 0xFFFF, 0xFFFF, 0xFFFF,
    0xFFFF, 0xFFFF, 0xFFFF, 0xFFFF, 0xFFFF, 0xFFFF, 0xFFFF, 0xFFFF, 0xFFFF, 0xFFFF,
    0xFFFF, 0xFFFF, 0xFFFF, 0xFFFF, 0xFFFF, 0xFFFF, 0xFFFF, 0xFFFF, 0xFFFF, 0xFFFF,
    0xFFFF, 0xFFFF, 0xFFFF, 0xFFFF, 0xFFFF, 0xFFFF, 0xFFFF, 0xFFFF, 0xFFFF, 0xFFFF,
    0xFFFF, 0xFFFF, 0xFFFF, 0xFFFF, 0xFFFF, 0xFFFF, 0xFFFF, 0xFFFF, 0xFFFF, 0xFFFF,
    0xFFFF, 0xFFFF, 0xFFFF, 0xFFFF, 0xFFFF, 0xFFFF, 0xFFFF, 0xFFFF, 0xFFFF, 0xFFFF,
    0xFFFF, 0xFFFF, 0xFFFF, 0xFFFF, 0xFFFF, 0xFFFF, 0xFFFF, 0xFFFF, 0xFFFF, 0xFFFF,
    0xFFFF, 0xFFFF, 0xFFFF, 0xFFFF, 0xFFFF, 0xFFFF, 0xFFFF, 0xFFFF, 0xFFFF, 0xFFFF,
    0xFFFF, 0xFFFF, 0xFFFF, 0xFFFF, 0xFFFF, 0xFFFF, 0xFFFF, 0xFFFF, 0xFFFF, 0xFFFF,
    0xFFFF, 0xFFFF, 0xFFFF, 0xFFFF, 0xFFFF, 0xFFFF, 0xFFFF, 0xFFFF, 0xFFFF, 0xFFFF,
    0xFFFF, 0xFFFF, 0xFFFF, 0xFFFF, 0xFFFF, 0xFFFF, 0xFFFF, 0xFFFF, 0xFFFF, 0xFFFF,
    0xFFFF, 0xFFFF, 0xFFFF, 0xFFFF, 0xFFFF, 0xFFFF, 0xFFFF, 0xFFFF, 0xFFFF, 0xFFFF,
    0xFFFF, 0xFFFF, 0xFFFF, 0xFFFF, 0xFFFF, 0xFFFF, 0xFFFF, 0xFFFF, 0xFFFF, 0xFFFF,
    0xFFFF, 0xFFFF, 0xFFFF, 0xFFFF, 0xFFFF, 0xFFFF, 0xFFFF, 0xFFFF, 0xFFFF, 0xFFFF,
    0xFFFF, 0xFFFF, 0xFFFF, 0xFFFF, 0xFFFF, 0xFFFF, 0xFFFF, 0xFFFF, 0xFFFF, 0xFFFF,
    0xFFFF, 0xFFFF, 0xFFFF, 0xFFFF, 0xFFFF, 0xFFFF, 0xFFFF, 0xFFFF, 0xFFFF, 0xFFFF,
    0xFFFF, 0xFFFF, 0xFFFF, 0xFFFF, 0xFFFF, 0xFFFF, 0xFFFF, 0xFFFF, 0xFFFF, 0xFFFF,
    0xFFFF, 0xFFFF, 0xFFFF, 0xFFFF, 0xFFFF, 0xFFFF, 0xFFFF, 0xFFFF, 0xFFFF, 0xFFFF,
    0xFFFF, 0xFFFF, 0xFFFF, 0xFFFF, 0xFFFF, 0xFFFF, 0xFFFF, 0xFFFF, 0xFFFF, 0xFFFF,
    0xFFFF, 0xFFFF, 0xFFFF, 0xFFFF, 0xFFFF, 0xFFFF, 0xFFFF, 0xFFFF, 0xFFFF, 0xFFFF,
    0xFFFF, 0xFFFF, 0xFFFF, 0xFFFF, 0xFFFF, 0xFFFF, 0xFFFF, 0xFFFF, 0xFFFF, 0xFFFF,
    0xFFFF, 0xFFFF, 0xFFFF, 0xFFFF, 0xFFFF, 0xFFFF, 0xFFFF, 0xFFFF, 0xFFFF, 0xFFFF,
    0xFFFF, 0xFFFF, 0xFFFF, 0xFFFF, 0xFFFF, 0xFFFF, 0xFFFF, 0xFFFF, 0xFFFF, 0xFFFF,
    0xFFFF, 0xFFFF, 0xFFFF, 0xFFFF, 0xFFFF, 0xFFFF, 0xFFFF, 0xFFFF, 0xFFFF, 0xFFFF,
    0xFFFF, 0xFFFF, 0xFFFF, 0xFFFF, 0xFFFF, 0xFFFF, 0xFFFF, 0xFFFF, 0xFFFF, 0xFFFF,
    0xFFFF, 0xFFFF, 0xFFFF, 0xFFFF, 0xFFFF, 0xFFFF, 0xFFFF, 0xFFFF, 0xFFFF, 0xFFFF,
};

#endif
